{"stats":{"minecraft:custom":{"minecraft:time_since_rest":18986,"minecraft:sprint_one_cm":67751,"minecraft:damage_taken":1360,"minecraft:walk_one_cm":83075,"minecraft:mob_kills":2,"minecraft:drop":14,"minecraft:damage_dealt":385,"minecraft:interact_with_crafting_table":4,"minecraft:swim_one_cm":3207,"minecraft:fly_one_cm":89474,"tombstone:undead_killed":1,"minecraft:crouch_one_cm":1839,"minecraft:play_time":44479,"minecraft:deaths":5,"minecraft:sneak_time":550,"minecraft:walk_under_water_one_cm":2050,"minecraft:jump":376,"minecraft:damage_dealt_resisted":18,"minecraft:leave_game":3,"minecraft:time_since_death":19444,"minecraft:walk_on_water_one_cm":3695,"minecraft:total_world_time":44479,"minecraft:fall_one_cm":5984},"minecraft:used":{"minecraft:stone_sword":4,"minecraft:birch_planks":1,"minecraft:wooden_pickaxe":9,"minecraft:brown_mushroom":2,"minecraft:redstone_block":1,"luminousworld:groundpebbles_1":1,"minecraft:stone_axe":60,"luminousworld:decorative_brown_2":2,"minecraft:dirt":1,"minecraft:sand":8,"minecraft:tnt":9,"minecraft:crafting_table":2,"tombstone:gift":2,"alexsmobs:animal_dictionary":1,"iceandfire:dragonegg_red":1,"luminousworld:decorative_brown_mushroom_1":1},"minecraft:mined":{"luminousworld:soft_birch_log":3,"luminousworld:groundpebbles_1":1,"luminousworld:birchtreemushrooms":1,"minecraft:crafting_table":1,"minecraft:grass":2,"minecraft:grass_block":2,"minecraft:oak_log":16,"minecraft:dirt":2,"minecraft:sand":9,"minecraft:mushroom_stem":14,"minecraft:brown_mushroom_block":11,"luminousworld:decorative_brown_mushroom_1":1,"minecraft:red_mushroom_block":16,"minecraft:spruce_leaves":1,"luminousworld:decorative_brown_2":2,"minecraft:stone":8,"minecraft:sandstone":1,"minecraft:oak_leaves":7},"minecraft:crafted":{"minecraft:oak_planks":64,"minecraft:crafting_table":1,"minecraft:stick":8,"minecraft:wooden_pickaxe":1,"minecraft:stone_pickaxe":1,"minecraft:stone_sword":1,"minecraft:bowl":8,"minecraft:birch_planks":12,"minecraft:stone_axe":1},"minecraft:killed_by":{"born_in_chaos_v1:baby_skeleton":1,"alexsmobs:cachalot_whale":1,"born_in_chaos_v1:dread_hound":1,"iceandfire:fire_dragon":1},"minecraft:picked_up":{"luminousworld:groundpebbles_1":1,"minecraft:crafting_table":1,"minecraft:sandstone":2,"luminousworld:decorative_brown_2":2,"minecraft:chicken":1,"minecraft:brown_mushroom":4,"minecraft:wooden_pickaxe":1,"minecraft:red_mushroom":10,"minecraft:sand":8,"minecraft:oak_log":17,"tombstone:grave_key":2,"minecraft:dirt":7,"iceandfire:dragonegg_red":2,"luminousworld:decorative_brown_mushroom_1":1,"luminousworld:soft_birch_log":3,"minecraft:cobblestone":8},"minecraft:dropped":{"minecraft:dirt":6,"minecraft:birch_planks":11,"iceandfire:dragonegg_red":1,"tombstone:grave_key":5,"minecraft:sandstone":2,"minecraft:wooden_pickaxe":1,"minecraft:stick":1},"minecraft:killed":{"luminousworld:dark_oak_skeleton":1,"minecraft:chicken":1}},"DataVersion":3465}