{"stats":{"minecraft:killed_by":{"illagerinvasion:basher":1,"mowziesmobs:ferrous_wroughtnaut":1,"minecraft:vindicator":3,"iceandfire:gorgon":1,"minecraft:skeleton":1,"iceandfire:fire_dragon":11,"minecraft:vex":1},"minecraft:crafted":{"minecraft:coal":54,"minecraft:furnace":2,"naturalist:cooked_bass":4,"minecraft:iron_boots":2,"minecraft:stone_pickaxe":1,"alexsmobs:cooked_catfish":2,"minecraft:wheat":180,"minecraft:coal_block":8,"minecraft:diamond_sword":2,"minecraft:crafting_table":4,"minecraft:wooden_pickaxe":1,"minecraft:bucket":1,"minecraft:birch_planks":16,"minecraft:stone_axe":1,"minecraft:bread":84,"minecraft:air":0,"minecraft:jungle_planks":128,"minecraft:golden_apple":2,"minecraft:shield":1,"minecraft:stick":24,"minecraft:iron_ingot":9,"minecraft:stone_sword":1,"minecraft:gold_ingot":45,"minecraft:white_bed":1,"minecraft:torch":56},"minecraft:custom":{"minecraft:mob_kills":57,"minecraft:interact_with_crafting_table":21,"minecraft:open_barrel":6,"minecraft:eat_cake_slice":3,"minecraft:leave_game":3,"minecraft:time_since_death":29561,"minecraft:climb_one_cm":8700,"minecraft:sprint_one_cm":405539,"minecraft:walk_one_cm":415557,"minecraft:damage_blocked_by_shield":650,"minecraft:drop":55,"minecraft:play_time":154819,"minecraft:deaths":20,"minecraft:sneak_time":8090,"minecraft:walk_under_water_one_cm":95514,"minecraft:jump":3017,"minecraft:interact_with_blast_furnace":4,"minecraft:walk_on_water_one_cm":78627,"minecraft:total_world_time":154819,"minecraft:interact_with_furnace":7,"tombstone:raider_killed":10,"minecraft:interact_with_cartography_table":1,"minecraft:sleep_in_bed":10,"minecraft:time_since_rest":11590,"minecraft:damage_taken":2147483647,"minecraft:damage_absorbed":40,"minecraft:trigger_trapped_chest":3,"minecraft:damage_dealt":13019,"minecraft:swim_one_cm":130370,"minecraft:fly_one_cm":728864,"minecraft:player_kills":1,"minecraft:open_chest":49,"minecraft:crouch_one_cm":23989,"tombstone:undead_killed":18,"minecraft:fall_one_cm":73124},"minecraft:used":{"minecraft:stone_sword":73,"minecraft:shield":69,"minecraft:iron_sword":93,"minecraft:torch":10,"minecraft:dirt":2,"minecraft:jungle_planks":92,"naturalist:cooked_bass":1,"minecraft:iron_helmet":1,"minecraft:bow":7,"minecraft:furnace":2,"tombstone:gift":8,"minecraft:golden_boots":1,"minecraft:wheat_seeds":17,"minecraft:water_bucket":5,"tombstone:scroll_of_knowledge":3,"alexsmobs:cooked_catfish":2,"minecraft:stone_pickaxe":60,"minecraft:wooden_pickaxe":7,"minecraft:leather_chestplate":1,"luminousworld:yellow_grassflowers":1,"minecraft:cookie":5,"minecraft:golden_apple":1,"minecraft:crafting_table":7,"minecraft:blast_furnace":1,"minecraft:white_bed":6,"tombstone:tablet_of_home":1,"luminousworld:creepberries":5,"tombstone:bag_of_seeds":2,"minecraft:diamond_pickaxe":144,"minecraft:bread":83,"iceandfire:ash":7,"ecologics:coconut_slice":3,"iceandfire:chared_cobblestone":4,"minecraft:stone_axe":29,"minecraft:coal_block":2,"minecraft:diamond_sword":134,"minecraft:cobblestone":50,"minecraft:bucket":6,"minecraft:experience_bottle":1},"minecraft:mined":{"minecraft:white_bed":5,"minecraft:obsidian":11,"minecraft:granite":6,"minecraft:grass_block":5,"minecraft:jungle_planks":11,"iceandfire:pixie_house_oak":1,"minecraft:coal_block":16,"luminousworld:savanna_grass_2":2,"minecraft:spawner":2,"minecraft:hay_block":33,"minecraft:tall_seagrass":1,"minecraft:furnace":1,"minecraft:iron_ore":2,"minecraft:fire":7,"minecraft:andesite":2,"iceandfire:gold_pile":46,"minecraft:vine":1,"minecraft:stone":85,"iceandfire:chared_cobblestone":4,"luminousworld:creepbush":5,"minecraft:oak_slab":1,"minecraft:glass_pane":7,"minecraft:crafting_table":4,"minecraft:blast_furnace":2,"minecraft:rose_bush":1,"minecraft:tall_grass":1,"minecraft:cobblestone":8,"placeablesmod:bread_full_block":1,"supplementaries:urn":1,"minecraft:black_stained_glass":1,"minecraft:birch_log":4,"iceandfire:ash":1,"minecraft:wheat":6,"minecraft:birch_leaves":2,"minecraft:wither_rose":1,"minecraft:grass":12,"minecraft:oak_log":1,"minecraft:coal_ore":3,"minecraft:dirt":2,"luminousworld:grassvariant_3":2,"minecraft:tripwire_hook":1,"minecraft:stone_bricks":17,"luminousworld:savannah_grass_4":1,"minecraft:oak_leaves":2,"minecraft:fern":2},"minecraft:broken":{"minecraft:iron_boots":1,"minecraft:iron_leggings":1,"minecraft:shield":1},"minecraft:killed":{"illagerinvasion:archivist":1,"born_in_chaos_v1:zombie_lumberjack":1,"enemyexpansion:equestrian":1,"minecraft:spider":1,"minecraft:vindicator":5,"enemyexpansion:direwolf":1,"born_in_chaos_v1:thornshell_crab":1,"illagerinvasion:basher":1,"minecraft:skeleton":4,"mowziesmobs:ferrous_wroughtnaut":1,"iceandfire:fire_dragon":1,"enemyexpansion:silverqueen":1,"naturalist:bass":4,"illagerinvasion:provoker":3,"minecraft:silverfish":4,"luminousworld:bass_fish":1,"luminousworld:savannah_zombie":1,"born_in_chaos_v1:firelight_not_despawn":3,"born_in_chaos_v1:baby_skeleton":1,"minecraft:salmon":1,"alexsmobs:emu":1,"alexsmobs:catfish":1,"undead_revamp2:thesomnolence":5,"minecraft:zombie":7,"iceandfire:ghost":2,"alexsmobs:toucan":1,"born_in_chaos_v1:corpse_fly":1,"undead_revamp2:theskeeper":1},"minecraft:picked_up":{"luminousworld:groundpebbles_1":1,"minecraft:crafting_table":4,"minecraft:wheat":75,"born_in_chaos_v1:river_mint":1,"minecraft:diamond_sword":1,"minecraft:wither_rose":1,"minecraft:string":5,"minecraft:iron_leggings":1,"minecraft:experience_bottle":1,"alexsmobs:emu_feather":2,"minecraft:gold_nugget":452,"minecraft:iron_nugget":7,"minecraft:coal_block":24,"minecraft:furnace":1,"minecraft:stick":2,"minecraft:raw_iron":2,"ecologics:coconut_slice":4,"sophisticatedbackpacks:backpack":1,"minecraft:cookie":5,"minecraft:stone_sword":1,"minecraft:arrow":11,"minecraft:rotten_flesh":9,"luminousworld:yellow_grassflowers":1,"minecraft:hay_block":34,"born_in_chaos_v1:spiny_shell":4,"minecraft:gold_ingot":1,"minecraft:obsidian":11,"minecraft:lilac":1,"alexsmobs:flying_fish":1,"minecraft:cobblestone":96,"minecraft:birch_log":4,"born_in_chaos_v1:corpse_maggot":3,"minecraft:feather":1,"minecraft:water_bucket":3,"minecraft:andesite":2,"minecraft:tripwire_hook":2,"minecraft:salmon":6,"minecraft:jungle_log":34,"minecraft:oak_log":1,"minecraft:chainmail_chestplate":2,"minecraft:golden_boots":1,"minecraft:dirt":10,"minecraft:paper":2,"naturalist:bass":6,"minecraft:bone":9,"minecraft:stone_bricks":12,"minecraft:bow":1,"minecraft:wheat_seeds":136,"minecraft:bell":1,"minecraft:iron_ingot":1,"tombstone:bag_of_seeds":1,"minecraft:iron_sword":1,"luminousworld:bass_item":2,"minecraft:oak_slab":1,"minecraft:chiseled_stone_bricks":1,"luminousworld:creepberries":5,"iceandfire:ash":6,"minecraft:jungle_planks":8,"mowziesmobs:wrought_helmet":1,"minecraft:blast_furnace":2,"minecraft:white_bed":5,"minecraft:trapped_chest":1,"iceandfire:chared_cobblestone":8,"alexsmobs:raw_catfish":2,"born_in_chaos_v1:fire_dust":3,"minecraft:granite":6,"minecraft:chainmail_helmet":1,"minecraft:bread":1,"minecraft:emerald":7,"tombstone:magic_scroll":1,"born_in_chaos_v1:rotten_fish":1,"minecraft:coal":41},"minecraft:dropped":{"minecraft:golden_boots":2,"minecraft:enchanted_book":1,"minecraft:iron_ingot":6,"minecraft:iron_sword":1,"minecraft:crafting_table":1,"ecologics:coconut_slice":1,"luminousworld:bass_item":2,"minecraft:feather":1,"minecraft:iron_helmet":1,"minecraft:cobblestone":17,"minecraft:granite":6,"minecraft:chainmail_helmet":1,"minecraft:coal":1,"minecraft:coal_block":8,"minecraft:stick":1,"minecraft:dirt":7,"born_in_chaos_v1:river_mint":1,"naturalist:bass":3,"alexsmobs:flying_fish":1,"minecraft:gold_nugget":71,"alexsmobs:emu_feather":2,"minecraft:wither_rose":1,"minecraft:trapped_chest":1,"minecraft:tripwire_hook":1,"minecraft:stone_sword":2,"minecraft:wheat":1,"minecraft:rotten_flesh":1,"minecraft:torchflower_seeds":1,"minecraft:salmon":7,"minecraft:chainmail_chestplate":2,"minecraft:chiseled_stone_bricks":1,"minecraft:diamond_sword":2,"minecraft:leather_chestplate":1,"iceandfire:chared_cobblestone":4,"minecraft:jungle_log":2,"minecraft:beetroot_seeds":2,"minecraft:andesite":2,"luminousworld:groundpebbles_1":1,"born_in_chaos_v1:corpse_maggot":3,"minecraft:stone_bricks":12,"minecraft:arrow":3,"minecraft:wooden_pickaxe":1}},"DataVersion":3465}