{"stats":{"minecraft:custom":{"minecraft:interact_with_furnace":1,"minecraft:mob_kills":7,"minecraft:interact_with_crafting_table":6,"minecraft:damage_dealt_resisted":18,"minecraft:leave_game":3,"minecraft:time_since_death":6581,"minecraft:climb_one_cm":100,"minecraft:time_since_rest":6012,"minecraft:sprint_one_cm":102466,"minecraft:damage_taken":1905,"minecraft:walk_one_cm":125865,"minecraft:drop":16,"minecraft:damage_dealt":954,"minecraft:swim_one_cm":3207,"minecraft:fly_one_cm":158817,"minecraft:crouch_one_cm":5442,"minecraft:play_time":56479,"tombstone:undead_killed":3,"minecraft:deaths":6,"minecraft:sneak_time":1445,"minecraft:walk_under_water_one_cm":2050,"minecraft:jump":759,"minecraft:walk_on_water_one_cm":3695,"minecraft:total_world_time":56479,"minecraft:fall_one_cm":16174},"minecraft:used":{"minecraft:stone_sword":20,"minecraft:birch_planks":1,"minecraft:stone_pickaxe":23,"minecraft:oak_planks":24,"minecraft:wooden_pickaxe":9,"minecraft:brown_mushroom":2,"minecraft:redstone_block":1,"luminousworld:groundpebbles_1":1,"luminousworld:decorative_brown_2":2,"minecraft:dirt":1,"minecraft:sand":8,"minecraft:tnt":9,"minecraft:crafting_table":3,"minecraft:mushroom_stew":4,"minecraft:iron_axe":27,"minecraft:cobblestone":2,"minecraft:stone_axe":86,"minecraft:furnace":1,"tombstone:gift":2,"alexsmobs:animal_dictionary":1,"iceandfire:dragonegg_red":1,"luminousworld:decorative_brown_mushroom_1":1,"minecraft:dark_oak_sapling":1},"minecraft:mined":{"luminousworld:soft_birch_log":3,"luminousworld:groundpebbles_1":1,"minecraft:dark_oak_leaves":8,"luminousworld:birchtreemushrooms":1,"minecraft:crafting_table":1,"minecraft:grass_block":5,"minecraft:jungle_log":13,"quark:blossom_log":5,"minecraft:mushroom_stem":14,"minecraft:brown_mushroom_block":28,"luminousworld:decorative_brown_mushroom_1":1,"minecraft:spruce_leaves":1,"minecraft:oak_planks":3,"minecraft:sandstone":1,"minecraft:grass":8,"minecraft:oak_log":16,"minecraft:vine":3,"minecraft:sand":9,"minecraft:dirt":12,"minecraft:red_mushroom_block":16,"minecraft:stone":23,"luminousworld:decorative_brown_2":2,"minecraft:oak_leaves":8,"minecraft:fern":2},"minecraft:crafted":{"minecraft:oak_planks":64,"quark:blossom_planks":20,"minecraft:crafting_table":2,"minecraft:wooden_pickaxe":1,"minecraft:bowl":8,"minecraft:furnace":1,"minecraft:mushroom_stew":4,"minecraft:birch_planks":12,"minecraft:stone_axe":1,"minecraft:stick":8,"minecraft:stone_pickaxe":1,"minecraft:stone_sword":1},"minecraft:killed_by":{"born_in_chaos_v1:baby_skeleton":1,"alexsmobs:cachalot_whale":1,"born_in_chaos_v1:dread_hound":1,"iceandfire:fire_dragon":1},"minecraft:picked_up":{"minecraft:cocoa_beans":2,"luminousworld:groundpebbles_1":1,"minecraft:crafting_table":1,"luminousworld:decorative_brown_2":2,"minecraft:chicken":2,"minecraft:jungle_log":11,"minecraft:leather":1,"minecraft:brown_mushroom":6,"minecraft:red_mushroom":16,"minecraft:wooden_pickaxe":1,"minecraft:oak_log":17,"tombstone:grave_key":2,"minecraft:dirt":19,"minecraft:iron_axe":1,"minecraft:wheat_seeds":2,"earthmobsmod:fancy_feather":1,"minecraft:beef":6,"minecraft:oak_planks":3,"minecraft:dark_oak_sapling":1,"minecraft:sandstone":2,"quark:blossom_log":5,"minecraft:sand":8,"iceandfire:dragonegg_red":2,"luminousworld:decorative_brown_mushroom_1":1,"minecraft:rotten_flesh":2,"luminousworld:soft_birch_log":3,"minecraft:cobblestone":23},"minecraft:dropped":{"minecraft:stone_axe":1,"minecraft:birch_planks":11,"minecraft:rotten_flesh":1,"minecraft:stick":1,"minecraft:dirt":6,"iceandfire:dragonegg_red":1,"tombstone:grave_key":5,"minecraft:sandstone":2,"minecraft:wooden_pickaxe":1},"minecraft:killed":{"earthmobsmod:cream_cow":2,"minecraft:zombie":1,"luminousworld:dark_oak_skeleton":1,"minecraft:chicken":1,"earthmobsmod:fancy_chicken":1,"luminousworld:dark_oak_zombie":1}},"DataVersion":3465}