{"stats":{"minecraft:crafted":{"minecraft:furnace":2,"naturalist:cooked_bass":4,"minecraft:stone_pickaxe":1,"alexsmobs:cooked_catfish":2,"minecraft:wheat":180,"minecraft:diamond_sword":2,"minecraft:crafting_table":4,"minecraft:wooden_pickaxe":1,"minecraft:birch_planks":16,"minecraft:stone_axe":1,"minecraft:bread":84,"minecraft:air":0,"minecraft:jungle_planks":128,"minecraft:shield":1,"minecraft:stick":12,"minecraft:iron_ingot":1,"minecraft:stone_sword":1,"minecraft:white_bed":1},"minecraft:killed_by":{"illagerinvasion:basher":1,"mowziesmobs:ferrous_wroughtnaut":1,"minecraft:vindicator":3,"iceandfire:gorgon":1,"minecraft:skeleton":1,"minecraft:vex":1},"minecraft:custom":{"minecraft:mob_kills":42,"minecraft:interact_with_crafting_table":13,"minecraft:open_barrel":3,"minecraft:leave_game":2,"minecraft:time_since_death":6531,"minecraft:climb_one_cm":4483,"minecraft:sprint_one_cm":183332,"minecraft:walk_one_cm":281916,"minecraft:drop":24,"minecraft:play_time":77474,"minecraft:deaths":9,"minecraft:sneak_time":5708,"minecraft:walk_under_water_one_cm":23415,"minecraft:jump":1348,"minecraft:interact_with_blast_furnace":1,"minecraft:walk_on_water_one_cm":28644,"minecraft:total_world_time":77474,"minecraft:interact_with_furnace":5,"tombstone:raider_killed":10,"minecraft:interact_with_cartography_table":1,"minecraft:sleep_in_bed":5,"minecraft:time_since_rest":6065,"minecraft:damage_taken":2147483647,"minecraft:trigger_trapped_chest":1,"minecraft:damage_dealt":7172,"minecraft:swim_one_cm":40025,"minecraft:fly_one_cm":202703,"minecraft:player_kills":1,"minecraft:open_chest":25,"minecraft:crouch_one_cm":20026,"tombstone:undead_killed":11,"minecraft:fall_one_cm":23012},"minecraft:used":{"minecraft:stone_sword":73,"minecraft:iron_sword":93,"minecraft:jungle_planks":85,"naturalist:cooked_bass":1,"minecraft:iron_helmet":1,"minecraft:bow":3,"minecraft:furnace":2,"tombstone:gift":4,"minecraft:golden_boots":1,"minecraft:wheat_seeds":17,"tombstone:scroll_of_knowledge":3,"alexsmobs:cooked_catfish":2,"minecraft:stone_pickaxe":60,"minecraft:wooden_pickaxe":7,"minecraft:leather_chestplate":1,"minecraft:crafting_table":5,"minecraft:white_bed":2,"tombstone:tablet_of_home":1,"luminousworld:creepberries":5,"minecraft:diamond_pickaxe":8,"minecraft:bread":38,"minecraft:stone_axe":18,"minecraft:diamond_sword":6,"minecraft:cobblestone":9},"minecraft:mined":{"minecraft:white_bed":2,"minecraft:granite":5,"minecraft:grass_block":2,"minecraft:jungle_planks":11,"minecraft:coal_block":6,"luminousworld:savanna_grass_2":2,"minecraft:spawner":2,"minecraft:hay_block":19,"minecraft:fire":1,"minecraft:andesite":2,"minecraft:stone":34,"luminousworld:creepbush":5,"minecraft:oak_slab":1,"minecraft:glass_pane":7,"minecraft:crafting_table":2,"minecraft:rose_bush":1,"minecraft:cobblestone":8,"placeablesmod:bread_full_block":1,"minecraft:birch_log":4,"minecraft:wheat":6,"minecraft:grass":9,"minecraft:oak_log":1,"minecraft:coal_ore":3,"luminousworld:grassvariant_3":1,"minecraft:tripwire_hook":1,"minecraft:stone_bricks":13,"luminousworld:savannah_grass_4":1,"minecraft:oak_leaves":1,"minecraft:fern":2},"minecraft:killed":{"illagerinvasion:archivist":1,"minecraft:vindicator":5,"born_in_chaos_v1:thornshell_crab":1,"illagerinvasion:basher":1,"minecraft:skeleton":3,"mowziesmobs:ferrous_wroughtnaut":1,"enemyexpansion:silverqueen":1,"naturalist:bass":4,"illagerinvasion:provoker":3,"minecraft:silverfish":4,"luminousworld:bass_fish":1,"born_in_chaos_v1:firelight_not_despawn":3,"luminousworld:savannah_zombie":1,"minecraft:salmon":1,"alexsmobs:emu":1,"alexsmobs:catfish":1,"minecraft:zombie":7,"alexsmobs:toucan":1,"born_in_chaos_v1:corpse_fly":1},"minecraft:picked_up":{"luminousworld:groundpebbles_1":1,"minecraft:crafting_table":2,"minecraft:wheat":75,"minecraft:string":2,"minecraft:iron_leggings":1,"alexsmobs:emu_feather":2,"minecraft:iron_nugget":7,"minecraft:coal_block":6,"minecraft:stick":2,"minecraft:cookie":5,"minecraft:stone_sword":1,"minecraft:arrow":9,"minecraft:rotten_flesh":8,"minecraft:hay_block":20,"born_in_chaos_v1:spiny_shell":4,"minecraft:gold_ingot":1,"minecraft:cobblestone":44,"minecraft:birch_log":4,"born_in_chaos_v1:corpse_maggot":3,"minecraft:feather":1,"minecraft:salmon":1,"minecraft:tripwire_hook":2,"minecraft:jungle_log":32,"minecraft:andesite":2,"minecraft:oak_log":1,"minecraft:chainmail_chestplate":1,"minecraft:dirt":2,"minecraft:paper":2,"naturalist:bass":4,"minecraft:bone":6,"minecraft:stone_bricks":12,"minecraft:bow":1,"minecraft:wheat_seeds":133,"minecraft:iron_ingot":1,"tombstone:bag_of_seeds":1,"minecraft:iron_sword":1,"luminousworld:bass_item":1,"minecraft:oak_slab":1,"minecraft:chiseled_stone_bricks":1,"luminousworld:creepberries":5,"minecraft:jungle_planks":8,"minecraft:white_bed":2,"minecraft:trapped_chest":1,"alexsmobs:raw_catfish":2,"born_in_chaos_v1:fire_dust":3,"minecraft:granite":5,"minecraft:chainmail_helmet":1,"minecraft:emerald":6,"minecraft:bread":1,"tombstone:magic_scroll":1,"born_in_chaos_v1:rotten_fish":1,"minecraft:coal":4},"minecraft:dropped":{"minecraft:iron_ingot":6,"minecraft:crafting_table":1,"minecraft:feather":1,"minecraft:cobblestone":8,"minecraft:chainmail_helmet":1,"minecraft:coal":1,"minecraft:stick":1,"minecraft:dirt":2,"alexsmobs:emu_feather":2,"minecraft:tripwire_hook":1,"minecraft:stone_sword":2,"minecraft:wheat":1,"minecraft:chiseled_stone_bricks":1,"minecraft:diamond_sword":1,"minecraft:leather_chestplate":1,"luminousworld:groundpebbles_1":1,"minecraft:arrow":3,"minecraft:wooden_pickaxe":1}},"DataVersion":3465}