{"stats":{"minecraft:broken":{"minecraft:iron_boots":2,"minecraft:iron_chestplate":1,"minecraft:iron_leggings":1,"minecraft:chainmail_leggings":1,"minecraft:shield":1},"minecraft:picked_up":{"minecraft:wheat":175,"minecraft:diamond_sword":1,"minecraft:wither_rose":1,"minecraft:enchanted_book":3,"minecraft:stone_brick_stairs":3,"minecraft:string":30,"minecraft:raw_copper":6,"minecraft:iron_leggings":1,"minecraft:experience_bottle":1,"alexsmobs:emu_feather":4,"minecraft:gold_nugget":452,"minecraft:spruce_planks":2,"minecraft:acacia_fence_gate":4,"minecraft:coal_block":24,"minecraft:furnace":1,"alexsmobs:leafcutter_ant_chamber":1,"minecraft:stick":3,"minecraft:acacia_log":5,"minecraft:porkchop":102,"minecraft:pointed_dripstone":23,"tombstone:grave_dust":1,"minecraft:diorite":2,"minecraft:stone_sword":1,"minecraft:rotten_flesh":11,"luminousworld:yellow_grassflowers":1,"minecraft:obsidian":11,"minecraft:cobblestone":144,"minecraft:snowball":4,"alexsmobs:flying_fish":1,"minecraft:birch_log":4,"minecraft:feather":1,"minecraft:lilac":1,"minecraft:water_bucket":4,"minecraft:andesite":2,"minecraft:jungle_log":35,"minecraft:smoker":1,"minecraft:flint":2,"minecraft:dirt":15,"minecraft:lantern":7,"minecraft:bone":15,"minecraft:acacia_planks":8,"minecraft:bow":1,"minecraft:wheat_seeds":301,"minecraft:bell":1,"luminousworld:elephant_grass":2,"minecraft:oak_planks":1,"minecraft:mossy_stone_brick_stairs":1,"friendsandfoes:totem_of_freezing":1,"luminousworld:bass_item":2,"minecraft:cooked_porkchop":1,"luminousworld:creepberries":5,"iceandfire:shiny_scales":2,"minecraft:jungle_planks":8,"minecraft:sand":5,"minecraft:acacia_stairs":1,"minecraft:trapped_chest":1,"minecraft:mossy_cobblestone":4,"iceandfire:chared_cobblestone":8,"minecraft:dark_prismarine":3,"minecraft:iron_hoe":1,"born_in_chaos_v1:fire_dust":3,"minecraft:writable_book":1,"minecraft:granite":8,"minecraft:emerald":9,"minecraft:chainmail_helmet":1,"minecraft:bread":1,"born_in_chaos_v1:rotten_fish":1,"luminousworld:groundpebbles_1":1,"minecraft:crafting_table":5,"born_in_chaos_v1:river_mint":1,"minecraft:gold_block":1,"minecraft:iron_axe":1,"minecraft:item_frame":6,"minecraft:cracked_stone_bricks":2,"minecraft:observer":2,"minecraft:iron_nugget":13,"minecraft:raw_iron":2,"ecologics:coconut_slice":4,"sophisticatedbackpacks:backpack":1,"minecraft:stone_button":6,"minecraft:cookie":5,"minecraft:stone_pressure_plate":2,"minecraft:arrow":12,"minecraft:weeping_vines":2,"minecraft:hay_block":34,"minecraft:yellow_terracotta":2,"born_in_chaos_v1:spiny_shell":4,"minecraft:gold_ingot":2,"born_in_chaos_v1:corpse_maggot":3,"minecraft:air":5,"minecraft:tripwire_hook":2,"minecraft:salmon":6,"minecraft:oak_log":3,"minecraft:chainmail_chestplate":3,"minecraft:golden_boots":1,"minecraft:gunpowder":1,"endermanoverhaul:icy_pearl":2,"minecraft:paper":4,"naturalist:bass":6,"minecraft:stone_bricks":12,"minecraft:kelp":3,"minecraft:rabbit_hide":2,"minecraft:iron_ingot":11,"tombstone:bag_of_seeds":1,"minecraft:stripped_oak_wood":3,"minecraft:iron_sword":1,"minecraft:book":69,"minecraft:oak_slab":1,"minecraft:chiseled_stone_bricks":1,"iceandfire:ash":6,"minecraft:gravel":11,"mowziesmobs:wrought_helmet":1,"minecraft:blast_furnace":2,"minecraft:white_bed":8,"alexsmobs:raw_catfish":2,"tombstone:magic_scroll":1,"minecraft:coal":88},"minecraft:used":{"minecraft:iron_shovel":7,"minecraft:shield":91,"minecraft:iron_sword":93,"minecraft:jungle_planks":92,"naturalist:cooked_bass":1,"securitycraft:cobbled_deepslate_mine":1,"minecraft:iron_helmet":1,"friendsandfoes:totem_of_freezing":1,"minecraft:bow":47,"minecraft:hay_block":6,"minecraft:furnace":2,"minecraft:golden_boots":1,"minecraft:diorite":2,"minecraft:stone_pickaxe":60,"minecraft:oak_planks":3,"minecraft:wooden_pickaxe":7,"minecraft:leather_chestplate":1,"minecraft:mossy_stone_brick_stairs":1,"minecraft:cookie":5,"minecraft:golden_apple":2,"minecraft:sand":3,"minecraft:blast_furnace":1,"luminousworld:creepberries":5,"minecraft:bread":135,"twilightforest:triple_bow":5,"iceandfire:chared_cobblestone":4,"ecologics:coconut_slice":3,"minecraft:diamond_sword":443,"minecraft:coal_block":2,"minecraft:stripped_oak_wood":3,"minecraft:experience_bottle":1,"minecraft:stone_sword":73,"minecraft:spruce_planks":2,"minecraft:torch":44,"minecraft:dirt":8,"endermanoverhaul:icy_pearl":1,"minecraft:iron_axe":35,"tombstone:gift":8,"minecraft:wheat_seeds":17,"alexsmobs:cooked_catfish":2,"minecraft:water_bucket":9,"tombstone:scroll_of_knowledge":3,"luminousworld:yellow_grassflowers":1,"minecraft:cracked_stone_bricks":2,"securitycraft:cobblestone_mine":6,"minecraft:mossy_cobblestone":4,"minecraft:crafting_table":9,"minecraft:white_bed":9,"tombstone:tablet_of_home":1,"minecraft:smoker":1,"endrem:rogue_eye":1,"tombstone:bag_of_seeds":2,"minecraft:dark_prismarine":2,"minecraft:diamond_pickaxe":283,"iceandfire:ash":7,"minecraft:stone_axe":29,"minecraft:cobblestone":98,"minecraft:cooked_porkchop":14,"minecraft:bucket":10},"minecraft:mined":{"minecraft:stone_pressure_plate":3,"minecraft:spruce_planks":2,"minecraft:white_bed":8,"minecraft:obsidian":11,"minecraft:granite":8,"minecraft:acacia_log":2,"minecraft:grass_block":10,"minecraft:infested_cobblestone":11,"minecraft:jungle_log":1,"iceandfire:pixie_house_oak":1,"minecraft:coal_block":16,"luminousworld:savanna_grass_2":7,"minecraft:spawner":2,"minecraft:tall_seagrass":2,"minecraft:iron_ore":2,"minecraft:fire":7,"iceandfire:gold_pile":46,"minecraft:tripwire":13,"iceandfire:chared_cobblestone":4,"luminousworld:creepbush":5,"minecraft:kelp_plant":2,"luminousworld:tall_deadbush":1,"minecraft:smoker":1,"minecraft:blast_furnace":2,"minecraft:cobblestone":17,"minecraft:oak_planks":1,"placeablesmod:bread_full_block":1,"minecraft:birch_log":4,"minecraft:wheat":8,"minecraft:stripped_oak_wood":3,"minecraft:wither_rose":1,"minecraft:stone_brick_stairs":3,"minecraft:grass":15,"minecraft:oak_log":3,"minecraft:sand":1,"minecraft:dirt":3,"luminousworld:grassvariant_3":2,"minecraft:tripwire_hook":1,"luminousworld:savannah_grass_4":2,"minecraft:oak_leaves":5,"minecraft:dark_prismarine":3,"minecraft:mossy_cobblestone":4,"luminousworld:grassvariant_4":2,"minecraft:jungle_planks":11,"alexsmobs:leafcutter_ant_chamber":1,"luminousworld:grassvariant_2":1,"minecraft:spruce_leaves":2,"minecraft:kelp":2,"luminousworld:groundpebbles_3":1,"minecraft:hay_block":33,"minecraft:furnace":1,"minecraft:andesite":2,"minecraft:gold_block":1,"minecraft:mossy_stone_brick_stairs":1,"minecraft:bookshelf":21,"minecraft:vine":2,"luminousworld:snowgrass":1,"minecraft:stone":137,"minecraft:oak_slab":1,"luminousworld:savannah_soil":8,"minecraft:glass_pane":9,"minecraft:observer":2,"minecraft:crafting_table":5,"luminousworld:savannah_grass_1":5,"minecraft:rose_bush":1,"luminousworld:grassflowers":1,"minecraft:copper_ore":1,"minecraft:tall_grass":2,"minecraft:diorite":2,"supplementaries:urn":1,"minecraft:black_stained_glass":1,"minecraft:birch_leaves":2,"iceandfire:ash":1,"minecraft:coal_ore":39,"minecraft:gravel":14,"minecraft:cobweb":8,"minecraft:cracked_stone_bricks":2,"minecraft:stone_bricks":17,"luminousworld:elephant_grass":4,"minecraft:fern":3},"minecraft:custom":{"minecraft:interact_with_crafting_table":32,"minecraft:open_barrel":8,"minecraft:eat_cake_slice":3,"minecraft:leave_game":8,"minecraft:time_since_death":23316,"minecraft:sprint_one_cm":737493,"minecraft:damage_blocked_by_shield":960,"minecraft:drop":95,"minecraft:talked_to_villager":2,"minecraft:play_time":303128,"minecraft:deaths":26,"tombstone:tomb_raiding":1,"minecraft:jump":6110,"minecraft:walk_on_water_one_cm":120018,"minecraft:interact_with_furnace":9,"minecraft:interact_with_cartography_table":1,"minecraft:sleep_in_bed":17,"tombstone:sneak_grave":1,"minecraft:damage_dealt":28782,"minecraft:player_kills":2,"minecraft:crouch_one_cm":41525,"tombstone:undead_killed":37,"minecraft:interact_with_smoker":9,"minecraft:inspect_dispenser":1,"minecraft:inspect_dropper":1,"minecraft:mob_kills":144,"minecraft:damage_dealt_resisted":10,"minecraft:climb_one_cm":14211,"minecraft:walk_one_cm":733967,"minecraft:sneak_time":15492,"minecraft:walk_under_water_one_cm":135555,"minecraft:interact_with_blast_furnace":4,"minecraft:total_world_time":303128,"tombstone:raider_killed":19,"minecraft:time_since_rest":22079,"minecraft:damage_taken":2147483647,"minecraft:damage_absorbed":80,"minecraft:trigger_trapped_chest":3,"minecraft:swim_one_cm":189140,"minecraft:fly_one_cm":2731051,"minecraft:open_chest":81,"minecraft:fall_one_cm":153320},"minecraft:dropped":{"minecraft:iron_sword":1,"minecraft:crafting_table":1,"ecologics:coconut_slice":1,"luminousworld:bass_item":2,"minecraft:lantern":5,"securitycraft:cobblestone_mine":58,"minecraft:item_frame":3,"minecraft:flint":1,"minecraft:dirt":7,"minecraft:stone_button":6,"alexsmobs:flying_fish":1,"minecraft:snowball":7,"minecraft:writable_book":1,"minecraft:gold_nugget":71,"alexsmobs:emu_feather":4,"minecraft:acacia_fence_gate":2,"minecraft:sand":2,"minecraft:gravel":11,"minecraft:stone_axe":1,"minecraft:wheat":1,"minecraft:rotten_flesh":1,"minecraft:salmon":7,"minecraft:chainmail_chestplate":2,"minecraft:chiseled_stone_bricks":1,"minecraft:rabbit_hide":2,"minecraft:leather_chestplate":1,"minecraft:gunpowder":1,"minecraft:beetroot_seeds":2,"born_in_chaos_v1:corpse_maggot":3,"minecraft:jungle_log":2,"minecraft:arrow":3,"iceandfire:manuscript":1,"minecraft:iron_ingot":7,"minecraft:enchanted_book":3,"minecraft:golden_boots":2,"minecraft:feather":1,"minecraft:iron_helmet":1,"minecraft:cobblestone":19,"minecraft:book":1,"minecraft:granite":6,"minecraft:acacia_log":2,"minecraft:chainmail_helmet":1,"minecraft:coal":34,"minecraft:coal_block":8,"minecraft:stick":1,"born_in_chaos_v1:river_mint":1,"naturalist:bass":3,"tombstone:grave_dust":1,"minecraft:wither_rose":1,"endermanoverhaul:icy_pearl":1,"minecraft:paper":1,"minecraft:trapped_chest":1,"minecraft:tripwire_hook":1,"minecraft:acacia_planks":16,"minecraft:kelp":4,"minecraft:stone_sword":2,"minecraft:raw_copper":3,"minecraft:iron_hoe":1,"minecraft:torchflower_seeds":1,"minecraft:diamond_sword":2,"iceandfire:chared_cobblestone":4,"minecraft:andesite":2,"luminousworld:groundpebbles_1":1,"minecraft:stone_pressure_plate":2,"minecraft:stone_bricks":12,"minecraft:wooden_pickaxe":1,"minecraft:dark_prismarine":1},"minecraft:crafted":{"minecraft:oak_planks":8,"naturalist:cooked_bass":4,"minecraft:iron_boots":3,"alexsmobs:cooked_catfish":2,"minecraft:cooked_porkchop":13,"minecraft:crafting_table":5,"minecraft:wooden_pickaxe":1,"minecraft:birch_planks":16,"minecraft:iron_chestplate":1,"minecraft:shield":2,"minecraft:stick":32,"minecraft:iron_ingot":9,"minecraft:stone_sword":1,"minecraft:gold_ingot":45,"minecraft:coal":198,"minecraft:furnace":2,"minecraft:flint_and_steel":1,"minecraft:stone_pickaxe":1,"minecraft:wheat":180,"minecraft:coal_block":8,"minecraft:diamond_sword":2,"minecraft:enchanting_table":1,"minecraft:bucket":1,"minecraft:stone_axe":1,"minecraft:bread":84,"minecraft:air":0,"minecraft:jungle_planks":132,"minecraft:golden_apple":2,"minecraft:iron_shovel":1,"minecraft:iron_leggings":1,"minecraft:white_bed":1,"minecraft:acacia_planks":12,"minecraft:torch":56},"minecraft:killed":{"illagerinvasion:archivist":2,"minecraft:cave_spider":4,"earthmobsmod:jumbo_rabbit":1,"born_in_chaos_v1:zombie_lumberjack":1,"creeperoverhaul:beach_creeper":1,"enemyexpansion:equestrian":1,"minecraft:spider":1,"luminousworld:frost_bitten_skeleton":4,"illagerinvasion:basher":2,"minecraft:skeleton":4,"alexsmobs:leafcutter_ant":3,"illagerinvasion:provoker":5,"minecraft:silverfish":14,"luminousworld:bass_fish":1,"minecraft:illusioner":1,"born_in_chaos_v1:firelight_not_despawn":3,"minecraft:pig":26,"minecraft:zombie_villager":1,"minecraft:salmon":1,"luminousworld:savannah_skeleton":4,"minecraft:zombie":8,"alexsmobs:toucan":1,"born_in_chaos_v1:corpse_fly":1,"undead_revamp2:theskeeper":1,"iceandfire:sea_serpent":1,"luminousworld:frostbitten_zombie":5,"undead_revamp2:thehunter":1,"enemyexpansion:intruder":1,"minecraft:vindicator":8,"born_in_chaos_v1:thornshell_crab":1,"enemyexpansion:direwolf":3,"born_in_chaos_v1:maggot":1,"mowziesmobs:ferrous_wroughtnaut":1,"iceandfire:fire_dragon":1,"iceandfire:siren":1,"enemyexpansion:silverqueen":1,"naturalist:bass":4,"alexsmobs:tusklin":1,"luminousworld:savannah_zombie":3,"friendsandfoes:iceologer":1,"born_in_chaos_v1:baby_skeleton":1,"endermanoverhaul:snowy_enderman":1,"born_in_chaos_v1:decrepit_skeleton":1,"alexsmobs:emu":1,"alexsmobs:catfish":1,"undead_revamp2:thesomnolence":9,"iceandfire:ghost":2},"minecraft:killed_by":{"iceandfire:cyclops":1,"illagerinvasion:basher":1,"minecraft:vindicator":3,"alexsmobs:crocodile":1,"iceandfire:fire_dragon":11,"minecraft:vex":1,"minecraft:player":1,"mowziesmobs:ferrous_wroughtnaut":1,"iceandfire:gorgon":3,"minecraft:skeleton":1}},"DataVersion":3465}