{"stats":{"minecraft:crafted":{"minecraft:crafting_table":3,"minecraft:wooden_pickaxe":1,"minecraft:furnace":1,"minecraft:birch_planks":16,"minecraft:stone_axe":1,"naturalist:cooked_bass":4,"minecraft:bread":54,"minecraft:air":0,"minecraft:jungle_planks":128,"minecraft:stick":8,"minecraft:stone_pickaxe":1,"minecraft:stone_sword":1,"minecraft:white_bed":1,"alexsmobs:cooked_catfish":2,"minecraft:wheat":162},"minecraft:killed_by":{"iceandfire:gorgon":1,"minecraft:skeleton":1},"minecraft:custom":{"minecraft:interact_with_furnace":3,"minecraft:mob_kills":15,"minecraft:interact_with_crafting_table":9,"minecraft:leave_game":2,"minecraft:time_since_death":1876,"minecraft:sleep_in_bed":2,"minecraft:climb_one_cm":4483,"minecraft:time_since_rest":1368,"minecraft:sprint_one_cm":108910,"minecraft:damage_taken":2147483647,"minecraft:walk_one_cm":154063,"minecraft:drop":10,"minecraft:damage_dealt":1786,"minecraft:swim_one_cm":10615,"minecraft:fly_one_cm":110958,"tombstone:undead_killed":2,"minecraft:open_chest":8,"minecraft:crouch_one_cm":3900,"minecraft:play_time":41474,"minecraft:deaths":3,"minecraft:sneak_time":1122,"minecraft:walk_under_water_one_cm":15008,"minecraft:jump":753,"minecraft:walk_on_water_one_cm":9171,"minecraft:total_world_time":41474,"minecraft:fall_one_cm":12884},"minecraft:used":{"minecraft:wheat_seeds":17,"alexsmobs:cooked_catfish":2,"minecraft:stone_sword":67,"minecraft:stone_pickaxe":33,"minecraft:wooden_pickaxe":7,"minecraft:crafting_table":3,"minecraft:jungle_planks":21,"naturalist:cooked_bass":1,"minecraft:white_bed":1,"luminousworld:creepberries":5,"minecraft:bread":10,"minecraft:stone_axe":7,"minecraft:cobblestone":8,"minecraft:furnace":1},"minecraft:mined":{"minecraft:white_bed":1,"minecraft:crafting_table":1,"minecraft:grass_block":2,"minecraft:jungle_planks":2,"minecraft:rose_bush":1,"luminousworld:savanna_grass_2":2,"minecraft:spawner":2,"minecraft:hay_block":19,"minecraft:birch_log":4,"minecraft:fire":1,"minecraft:wheat":6,"minecraft:grass":9,"minecraft:coal_ore":3,"minecraft:oak_log":1,"luminousworld:grassvariant_3":1,"minecraft:tripwire_hook":1,"minecraft:stone":33,"luminousworld:savannah_grass_4":1,"minecraft:oak_leaves":1,"minecraft:fern":2,"luminousworld:creepbush":5},"minecraft:killed":{"minecraft:salmon":1,"born_in_chaos_v1:thornshell_crab":1,"alexsmobs:emu":1,"minecraft:skeleton":2,"alexsmobs:catfish":1,"alexsmobs:toucan":1,"naturalist:bass":4,"luminousworld:bass_fish":1,"born_in_chaos_v1:firelight_not_despawn":3},"minecraft:picked_up":{"minecraft:birch_log":4,"luminousworld:groundpebbles_1":1,"minecraft:crafting_table":1,"minecraft:wheat":75,"minecraft:feather":1,"minecraft:tripwire_hook":1,"minecraft:jungle_log":32,"minecraft:salmon":1,"minecraft:oak_log":1,"minecraft:dirt":2,"naturalist:bass":4,"minecraft:bone":3,"alexsmobs:emu_feather":2,"minecraft:wheat_seeds":133,"luminousworld:bass_item":1,"minecraft:stick":2,"luminousworld:creepberries":5,"minecraft:jungle_planks":2,"minecraft:white_bed":1,"alexsmobs:raw_catfish":2,"minecraft:stone_sword":1,"minecraft:arrow":1,"born_in_chaos_v1:fire_dust":3,"minecraft:hay_block":20,"born_in_chaos_v1:spiny_shell":4,"tombstone:magic_scroll":1,"born_in_chaos_v1:rotten_fish":1,"minecraft:coal":3,"minecraft:cobblestone":35},"minecraft:dropped":{"minecraft:stone_sword":1,"minecraft:crafting_table":1,"minecraft:wheat":1,"minecraft:feather":1,"minecraft:cobblestone":8,"minecraft:stick":1,"minecraft:dirt":2,"luminousworld:groundpebbles_1":1,"alexsmobs:emu_feather":2,"minecraft:wooden_pickaxe":1}},"DataVersion":3465}