{"stats":{"minecraft:crafted":{"minecraft:crafting_table":3,"minecraft:wooden_pickaxe":1,"minecraft:furnace":1,"minecraft:birch_planks":16,"minecraft:stone_axe":1,"naturalist:cooked_bass":4,"minecraft:bread":54,"minecraft:air":0,"minecraft:jungle_planks":128,"minecraft:stick":8,"minecraft:stone_pickaxe":1,"minecraft:stone_sword":1,"minecraft:white_bed":1,"alexsmobs:cooked_catfish":2,"minecraft:wheat":162},"minecraft:used":{"alexsmobs:cooked_catfish":2,"minecraft:stone_sword":36,"minecraft:stone_pickaxe":31,"minecraft:wooden_pickaxe":7,"minecraft:crafting_table":3,"naturalist:cooked_bass":1,"minecraft:white_bed":1,"luminousworld:creepberries":5,"minecraft:stone_axe":2,"minecraft:cobblestone":4,"minecraft:furnace":1},"minecraft:custom":{"minecraft:interact_with_furnace":3,"minecraft:mob_kills":11,"minecraft:interact_with_crafting_table":9,"minecraft:leave_game":2,"minecraft:time_since_death":14866,"minecraft:sleep_in_bed":2,"minecraft:climb_one_cm":3630,"minecraft:time_since_rest":349,"minecraft:sprint_one_cm":61059,"minecraft:damage_taken":1410,"minecraft:walk_one_cm":100120,"minecraft:drop":8,"minecraft:damage_dealt":770,"minecraft:swim_one_cm":3439,"minecraft:fly_one_cm":50597,"minecraft:open_chest":4,"minecraft:crouch_one_cm":3102,"minecraft:play_time":29474,"minecraft:deaths":1,"minecraft:sneak_time":846,"minecraft:walk_under_water_one_cm":14625,"minecraft:jump":469,"minecraft:walk_on_water_one_cm":6771,"minecraft:total_world_time":29474,"minecraft:fall_one_cm":8793},"minecraft:mined":{"minecraft:white_bed":1,"minecraft:crafting_table":1,"minecraft:grass_block":2,"minecraft:hay_block":19,"minecraft:birch_log":4,"minecraft:fire":1,"minecraft:wheat":1,"minecraft:grass":9,"minecraft:coal_ore":3,"minecraft:oak_log":1,"luminousworld:grassvariant_3":1,"minecraft:stone":33,"minecraft:oak_leaves":1,"minecraft:fern":2,"luminousworld:creepbush":5},"minecraft:killed":{"minecraft:salmon":1,"alexsmobs:catfish":1,"alexsmobs:toucan":1,"naturalist:bass":4,"luminousworld:bass_fish":1,"born_in_chaos_v1:firelight_not_despawn":3},"minecraft:picked_up":{"minecraft:birch_log":4,"minecraft:crafting_table":1,"minecraft:wheat":2,"minecraft:feather":1,"minecraft:jungle_log":32,"minecraft:salmon":1,"minecraft:oak_log":1,"minecraft:dirt":2,"naturalist:bass":4,"minecraft:wheat_seeds":4,"luminousworld:bass_item":1,"minecraft:stick":2,"luminousworld:creepberries":5,"minecraft:white_bed":1,"alexsmobs:raw_catfish":2,"minecraft:stone_sword":1,"born_in_chaos_v1:fire_dust":3,"minecraft:hay_block":18,"minecraft:coal":3,"minecraft:cobblestone":35},"minecraft:dropped":{"minecraft:stone_sword":1,"minecraft:crafting_table":1,"minecraft:wheat":1,"minecraft:feather":1,"minecraft:cobblestone":8,"minecraft:stick":1,"minecraft:dirt":2,"minecraft:wooden_pickaxe":1}},"DataVersion":3465}