{"stats":{"minecraft:crafted":{"minecraft:crafting_table":4,"minecraft:wooden_pickaxe":1,"minecraft:furnace":1,"minecraft:birch_planks":16,"minecraft:stone_axe":1,"naturalist:cooked_bass":4,"minecraft:bread":84,"minecraft:air":0,"minecraft:jungle_planks":128,"minecraft:stick":8,"minecraft:stone_pickaxe":1,"minecraft:stone_sword":1,"minecraft:white_bed":1,"alexsmobs:cooked_catfish":2,"minecraft:wheat":180},"minecraft:killed_by":{"minecraft:vindicator":3,"iceandfire:gorgon":1,"illagerinvasion:basher":1,"minecraft:skeleton":1,"minecraft:vex":1},"minecraft:custom":{"minecraft:interact_with_furnace":3,"minecraft:mob_kills":26,"tombstone:raider_killed":10,"minecraft:interact_with_crafting_table":10,"minecraft:open_barrel":3,"minecraft:leave_game":2,"minecraft:time_since_death":6994,"minecraft:sleep_in_bed":5,"minecraft:climb_one_cm":4483,"minecraft:time_since_rest":2909,"minecraft:sprint_one_cm":171045,"minecraft:damage_taken":2147483647,"minecraft:walk_one_cm":237730,"minecraft:drop":23,"minecraft:damage_dealt":4404,"minecraft:swim_one_cm":34320,"minecraft:fly_one_cm":185997,"minecraft:player_kills":1,"tombstone:undead_killed":3,"minecraft:open_chest":21,"minecraft:crouch_one_cm":19507,"minecraft:play_time":65474,"minecraft:deaths":8,"minecraft:sneak_time":5505,"minecraft:walk_under_water_one_cm":15475,"minecraft:jump":1131,"minecraft:walk_on_water_one_cm":11920,"minecraft:total_world_time":65474,"minecraft:fall_one_cm":21040},"minecraft:used":{"minecraft:golden_boots":1,"minecraft:wheat_seeds":17,"alexsmobs:cooked_catfish":2,"tombstone:scroll_of_knowledge":3,"minecraft:stone_sword":73,"minecraft:stone_pickaxe":60,"minecraft:leather_chestplate":1,"minecraft:wooden_pickaxe":7,"minecraft:iron_sword":47,"minecraft:crafting_table":4,"minecraft:jungle_planks":85,"naturalist:cooked_bass":1,"minecraft:white_bed":2,"tombstone:tablet_of_home":1,"luminousworld:creepberries":5,"minecraft:bread":27,"minecraft:iron_helmet":1,"minecraft:stone_axe":18,"minecraft:cobblestone":9,"minecraft:furnace":1,"tombstone:gift":4},"minecraft:mined":{"minecraft:oak_slab":1,"minecraft:white_bed":2,"minecraft:glass_pane":7,"minecraft:crafting_table":2,"minecraft:grass_block":2,"minecraft:jungle_planks":11,"minecraft:rose_bush":1,"minecraft:coal_block":6,"minecraft:cobblestone":8,"placeablesmod:bread_full_block":1,"luminousworld:savanna_grass_2":2,"minecraft:spawner":2,"minecraft:hay_block":19,"minecraft:birch_log":4,"minecraft:fire":1,"minecraft:wheat":6,"minecraft:andesite":2,"minecraft:grass":9,"minecraft:coal_ore":3,"minecraft:oak_log":1,"luminousworld:grassvariant_3":1,"minecraft:stone_bricks":11,"minecraft:tripwire_hook":1,"minecraft:stone":33,"luminousworld:savannah_grass_4":1,"minecraft:oak_leaves":1,"minecraft:fern":2,"luminousworld:creepbush":5},"minecraft:killed":{"minecraft:salmon":1,"minecraft:vindicator":5,"born_in_chaos_v1:thornshell_crab":1,"illagerinvasion:basher":1,"alexsmobs:emu":1,"minecraft:skeleton":2,"alexsmobs:catfish":1,"alexsmobs:toucan":1,"naturalist:bass":4,"illagerinvasion:provoker":3,"luminousworld:bass_fish":1,"luminousworld:savannah_zombie":1,"born_in_chaos_v1:firelight_not_despawn":3,"illagerinvasion:archivist":1},"minecraft:picked_up":{"minecraft:birch_log":4,"luminousworld:groundpebbles_1":1,"minecraft:crafting_table":2,"minecraft:wheat":75,"minecraft:feather":1,"minecraft:andesite":2,"minecraft:tripwire_hook":2,"minecraft:jungle_log":32,"minecraft:salmon":1,"minecraft:oak_log":1,"minecraft:dirt":2,"minecraft:paper":2,"minecraft:iron_leggings":1,"naturalist:bass":4,"minecraft:bone":3,"minecraft:stone_bricks":10,"minecraft:bow":1,"alexsmobs:emu_feather":2,"minecraft:wheat_seeds":133,"minecraft:iron_ingot":1,"minecraft:iron_nugget":7,"minecraft:coal_block":6,"minecraft:iron_sword":1,"minecraft:oak_slab":1,"luminousworld:bass_item":1,"minecraft:stick":2,"minecraft:chiseled_stone_bricks":1,"luminousworld:creepberries":5,"minecraft:jungle_planks":8,"minecraft:cookie":5,"minecraft:white_bed":2,"alexsmobs:raw_catfish":2,"minecraft:stone_sword":1,"minecraft:arrow":7,"born_in_chaos_v1:fire_dust":3,"minecraft:hay_block":20,"minecraft:bread":1,"minecraft:emerald":5,"minecraft:gold_ingot":1,"born_in_chaos_v1:spiny_shell":4,"minecraft:chainmail_helmet":1,"tombstone:magic_scroll":1,"born_in_chaos_v1:rotten_fish":1,"minecraft:coal":4,"minecraft:cobblestone":43},"minecraft:dropped":{"minecraft:iron_ingot":6,"minecraft:stone_sword":2,"minecraft:crafting_table":1,"minecraft:wheat":1,"minecraft:feather":1,"minecraft:cobblestone":8,"minecraft:chainmail_helmet":1,"minecraft:coal":1,"minecraft:stick":1,"minecraft:chiseled_stone_bricks":1,"minecraft:leather_chestplate":1,"minecraft:dirt":2,"luminousworld:groundpebbles_1":1,"alexsmobs:emu_feather":2,"minecraft:arrow":3,"minecraft:wooden_pickaxe":1,"minecraft:tripwire_hook":1}},"DataVersion":3465}