{"stats":{"minecraft:picked_up":{"minecraft:oak_log":1,"minecraft:chicken":1},"minecraft:used":{"minecraft:redstone_block":1,"minecraft:tnt":9},"minecraft:custom":{"minecraft:jump":27,"minecraft:time_since_rest":2765,"minecraft:leave_game":1,"minecraft:damage_dealt":40,"minecraft:crouch_one_cm":224,"minecraft:sprint_one_cm":5803,"minecraft:play_time":2765,"minecraft:time_since_death":2765,"minecraft:walk_one_cm":4163,"minecraft:sneak_time":61,"minecraft:total_world_time":2765,"minecraft:mob_kills":1,"minecraft:fly_one_cm":9211},"minecraft:killed":{"minecraft:chicken":1},"minecraft:mined":{"minecraft:grass":2,"minecraft:oak_log":1}},"DataVersion":3465}