{"stats":{"minecraft:crafted":{"minecraft:crafting_table":3,"minecraft:wooden_pickaxe":1,"minecraft:furnace":1,"minecraft:birch_planks":16,"minecraft:stone_axe":1,"naturalist:cooked_bass":4,"minecraft:bread":54,"minecraft:air":0,"minecraft:jungle_planks":128,"minecraft:stick":8,"minecraft:stone_pickaxe":1,"minecraft:stone_sword":1,"minecraft:white_bed":1,"alexsmobs:cooked_catfish":2,"minecraft:wheat":162},"minecraft:killed_by":{"iceandfire:gorgon":1,"minecraft:skeleton":1},"minecraft:custom":{"minecraft:interact_with_furnace":3,"minecraft:mob_kills":17,"tombstone:raider_killed":1,"minecraft:interact_with_crafting_table":9,"minecraft:leave_game":2,"minecraft:time_since_death":13876,"minecraft:sleep_in_bed":4,"minecraft:climb_one_cm":4483,"minecraft:time_since_rest":10476,"minecraft:sprint_one_cm":146647,"minecraft:damage_taken":2147483647,"minecraft:walk_one_cm":185990,"minecraft:drop":12,"minecraft:damage_dealt":2265,"minecraft:swim_one_cm":34320,"minecraft:fly_one_cm":161392,"tombstone:undead_killed":3,"minecraft:open_chest":14,"minecraft:crouch_one_cm":10938,"minecraft:play_time":53474,"minecraft:deaths":3,"minecraft:sneak_time":2791,"minecraft:walk_under_water_one_cm":15475,"minecraft:jump":1005,"minecraft:walk_on_water_one_cm":11804,"minecraft:total_world_time":53474,"minecraft:fall_one_cm":19489},"minecraft:used":{"minecraft:golden_boots":1,"minecraft:wheat_seeds":17,"alexsmobs:cooked_catfish":2,"tombstone:scroll_of_knowledge":3,"minecraft:stone_sword":73,"minecraft:stone_pickaxe":39,"minecraft:leather_chestplate":1,"minecraft:wooden_pickaxe":7,"minecraft:iron_sword":8,"minecraft:crafting_table":3,"minecraft:jungle_planks":70,"naturalist:cooked_bass":1,"minecraft:white_bed":2,"tombstone:tablet_of_home":1,"luminousworld:creepberries":5,"minecraft:bread":19,"minecraft:iron_helmet":1,"minecraft:stone_axe":9,"minecraft:cobblestone":8,"minecraft:furnace":1},"minecraft:mined":{"minecraft:white_bed":2,"minecraft:glass_pane":5,"minecraft:crafting_table":1,"minecraft:grass_block":2,"minecraft:jungle_planks":4,"minecraft:rose_bush":1,"minecraft:coal_block":6,"luminousworld:savanna_grass_2":2,"minecraft:spawner":2,"minecraft:hay_block":19,"minecraft:birch_log":4,"minecraft:fire":1,"minecraft:wheat":6,"minecraft:grass":9,"minecraft:coal_ore":3,"minecraft:oak_log":1,"luminousworld:grassvariant_3":1,"minecraft:tripwire_hook":1,"minecraft:stone":33,"luminousworld:savannah_grass_4":1,"minecraft:oak_leaves":1,"minecraft:fern":2,"luminousworld:creepbush":5},"minecraft:killed":{"minecraft:salmon":1,"born_in_chaos_v1:thornshell_crab":1,"alexsmobs:emu":1,"minecraft:skeleton":2,"alexsmobs:catfish":1,"alexsmobs:toucan":1,"naturalist:bass":4,"illagerinvasion:provoker":1,"luminousworld:bass_fish":1,"luminousworld:savannah_zombie":1,"born_in_chaos_v1:firelight_not_despawn":3},"minecraft:picked_up":{"minecraft:birch_log":4,"luminousworld:groundpebbles_1":1,"minecraft:crafting_table":1,"minecraft:wheat":75,"minecraft:feather":1,"minecraft:tripwire_hook":1,"minecraft:jungle_log":32,"minecraft:salmon":1,"minecraft:oak_log":1,"minecraft:dirt":2,"minecraft:iron_leggings":1,"naturalist:bass":4,"minecraft:bone":3,"alexsmobs:emu_feather":2,"minecraft:wheat_seeds":133,"minecraft:iron_ingot":1,"minecraft:coal_block":6,"minecraft:iron_sword":1,"luminousworld:bass_item":1,"minecraft:stick":2,"luminousworld:creepberries":5,"minecraft:jungle_planks":4,"minecraft:white_bed":2,"alexsmobs:raw_catfish":2,"minecraft:stone_sword":1,"minecraft:arrow":3,"born_in_chaos_v1:fire_dust":3,"minecraft:hay_block":20,"minecraft:emerald":1,"minecraft:gold_ingot":1,"born_in_chaos_v1:spiny_shell":4,"minecraft:chainmail_helmet":1,"tombstone:magic_scroll":1,"born_in_chaos_v1:rotten_fish":1,"minecraft:coal":4,"minecraft:cobblestone":35},"minecraft:dropped":{"minecraft:stone_sword":2,"minecraft:crafting_table":1,"minecraft:wheat":1,"minecraft:feather":1,"minecraft:cobblestone":8,"minecraft:chainmail_helmet":1,"minecraft:stick":1,"minecraft:dirt":2,"luminousworld:groundpebbles_1":1,"alexsmobs:emu_feather":2,"minecraft:wooden_pickaxe":1}},"DataVersion":3465}