{"stats":{"minecraft:custom":{"minecraft:time_since_rest":999,"minecraft:crouch_one_cm":347,"minecraft:deaths":2,"minecraft:sprint_one_cm":26386,"minecraft:play_time":20479,"minecraft:damage_taken":695,"minecraft:walk_one_cm":29838,"minecraft:sneak_time":85,"minecraft:mob_kills":1,"minecraft:damage_dealt_resisted":18,"minecraft:jump":132,"minecraft:damage_dealt":163,"minecraft:walk_on_water_one_cm":222,"minecraft:leave_game":3,"minecraft:time_since_death":2586,"minecraft:total_world_time":20479,"minecraft:fall_one_cm":2255,"minecraft:fly_one_cm":34770},"minecraft:used":{"minecraft:tnt":9,"tombstone:gift":2,"alexsmobs:animal_dictionary":1,"minecraft:redstone_block":1},"minecraft:mined":{"minecraft:grass":2,"minecraft:oak_log":1},"minecraft:killed_by":{"born_in_chaos_v1:baby_skeleton":1},"minecraft:picked_up":{"minecraft:chicken":1,"minecraft:oak_log":1},"minecraft:killed":{"minecraft:chicken":1}},"DataVersion":3465}