{"stats":{"minecraft:crafted":{"minecraft:crafting_table":2,"minecraft:stick":8,"minecraft:wooden_pickaxe":1,"minecraft:stone_pickaxe":1,"minecraft:stone_sword":1,"minecraft:birch_planks":16,"minecraft:stone_axe":1},"minecraft:used":{"luminousworld:creepberries":3,"minecraft:stone_sword":22,"minecraft:stone_pickaxe":22,"minecraft:wooden_pickaxe":7,"minecraft:stone_axe":2,"minecraft:cobblestone":4,"minecraft:crafting_table":1},"minecraft:custom":{"minecraft:time_since_rest":1815,"minecraft:sprint_one_cm":37339,"minecraft:damage_taken":1110,"minecraft:walk_one_cm":66494,"minecraft:mob_kills":3,"minecraft:drop":6,"minecraft:damage_dealt":240,"minecraft:interact_with_crafting_table":5,"minecraft:fly_one_cm":27091,"minecraft:crouch_one_cm":1416,"minecraft:play_time":17474,"minecraft:deaths":1,"minecraft:sneak_time":367,"minecraft:walk_under_water_one_cm":28,"minecraft:jump":281,"minecraft:leave_game":2,"minecraft:time_since_death":2866,"minecraft:walk_on_water_one_cm":3401,"minecraft:climb_one_cm":2430,"minecraft:total_world_time":17474,"minecraft:fall_one_cm":3824},"minecraft:mined":{"minecraft:birch_log":4,"minecraft:crafting_table":1,"minecraft:grass":8,"minecraft:oak_log":1,"minecraft:grass_block":2,"minecraft:coal_ore":3,"luminousworld:grassvariant_3":1,"minecraft:stone":24,"minecraft:oak_leaves":1,"minecraft:fern":2,"luminousworld:creepbush":5},"minecraft:killed":{"alexsmobs:toucan":1,"born_in_chaos_v1:firelight_not_despawn":2},"minecraft:picked_up":{"minecraft:birch_log":4,"minecraft:stick":2,"minecraft:crafting_table":1,"minecraft:feather":1,"minecraft:jungle_log":32,"luminousworld:creepberries":5,"minecraft:oak_log":1,"minecraft:dirt":2,"born_in_chaos_v1:fire_dust":2,"minecraft:wheat_seeds":2,"minecraft:coal":3,"minecraft:cobblestone":26},"minecraft:dropped":{"minecraft:dirt":2,"minecraft:crafting_table":1,"minecraft:feather":1,"minecraft:cobblestone":8,"minecraft:wooden_pickaxe":1,"minecraft:stick":1}},"DataVersion":3465}