{"stats":{"minecraft:crafted":{"minecraft:stone_sword":1,"minecraft:birch_planks":16,"minecraft:stone_axe":1,"minecraft:crafting_table":2,"minecraft:stick":8,"minecraft:stone_pickaxe":1,"minecraft:wooden_pickaxe":1},"minecraft:used":{"minecraft:stone_axe":1,"minecraft:crafting_table":1,"minecraft:stone_pickaxe":14,"minecraft:wooden_pickaxe":7},"minecraft:custom":{"minecraft:time_since_rest":6905,"minecraft:sprint_one_cm":14861,"minecraft:crouch_one_cm":924,"minecraft:play_time":6905,"minecraft:damage_taken":25,"minecraft:walk_one_cm":15141,"minecraft:sneak_time":287,"minecraft:drop":4,"minecraft:jump":58,"minecraft:leave_game":2,"minecraft:time_since_death":6905,"minecraft:climb_one_cm":156,"minecraft:total_world_time":6905,"minecraft:interact_with_crafting_table":5,"minecraft:fall_one_cm":836,"minecraft:fly_one_cm":7866},"minecraft:mined":{"minecraft:grass":2,"minecraft:grass_block":2,"minecraft:coal_ore":3,"minecraft:birch_log":4,"minecraft:stone":16,"minecraft:crafting_table":1},"minecraft:picked_up":{"minecraft:birch_log":4,"minecraft:crafting_table":1,"minecraft:coal":3,"minecraft:dirt":2,"minecraft:cobblestone":16},"minecraft:dropped":{"minecraft:dirt":2,"minecraft:wooden_pickaxe":1,"minecraft:crafting_table":1,"minecraft:stick":1}},"DataVersion":3465}