{"stats":{"minecraft:custom":{"minecraft:time_since_rest":6986,"minecraft:sprint_one_cm":54273,"minecraft:damage_taken":1360,"minecraft:walk_one_cm":53407,"minecraft:mob_kills":1,"minecraft:drop":13,"minecraft:damage_dealt":254,"minecraft:interact_with_crafting_table":3,"minecraft:swim_one_cm":3207,"minecraft:fly_one_cm":70973,"minecraft:crouch_one_cm":1625,"minecraft:play_time":32479,"minecraft:deaths":5,"minecraft:sneak_time":488,"minecraft:walk_under_water_one_cm":2050,"minecraft:jump":271,"minecraft:damage_dealt_resisted":18,"minecraft:leave_game":3,"minecraft:time_since_death":7444,"minecraft:walk_on_water_one_cm":1938,"minecraft:total_world_time":32479,"minecraft:fall_one_cm":3718},"minecraft:used":{"minecraft:wooden_pickaxe":9,"minecraft:redstone_block":1,"minecraft:stone_axe":13,"minecraft:sand":8,"minecraft:tnt":9,"minecraft:crafting_table":1,"tombstone:gift":2,"alexsmobs:animal_dictionary":1,"iceandfire:dragonegg_red":1},"minecraft:mined":{"minecraft:crafting_table":1,"minecraft:grass":2,"minecraft:grass_block":1,"minecraft:oak_log":16,"minecraft:dirt":2,"minecraft:sand":9,"minecraft:stone":8,"minecraft:sandstone":1,"minecraft:oak_leaves":7},"minecraft:crafted":{"minecraft:oak_planks":16,"minecraft:crafting_table":1,"minecraft:stick":8,"minecraft:wooden_pickaxe":1,"minecraft:stone_pickaxe":1,"minecraft:stone_sword":1,"minecraft:stone_axe":1},"minecraft:killed_by":{"born_in_chaos_v1:baby_skeleton":1,"alexsmobs:cachalot_whale":1,"born_in_chaos_v1:dread_hound":1,"iceandfire:fire_dragon":1},"minecraft:picked_up":{"minecraft:crafting_table":1,"minecraft:sandstone":2,"minecraft:chicken":1,"minecraft:wooden_pickaxe":1,"minecraft:sand":8,"minecraft:oak_log":17,"tombstone:grave_key":2,"minecraft:dirt":6,"iceandfire:dragonegg_red":2,"minecraft:cobblestone":8},"minecraft:dropped":{"minecraft:dirt":6,"iceandfire:dragonegg_red":1,"tombstone:grave_key":5,"minecraft:sandstone":2,"minecraft:wooden_pickaxe":1,"minecraft:stick":1},"minecraft:killed":{"minecraft:chicken":1}},"DataVersion":3465}