{"stats":{"minecraft:custom":{"minecraft:time_since_rest":9759,"minecraft:crouch_one_cm":276,"minecraft:walk_one_cm":15600,"minecraft:sprint_one_cm":20221,"minecraft:play_time":17488,"minecraft:damage_taken":495,"minecraft:deaths":2,"minecraft:sneak_time":66,"minecraft:mob_kills":1,"minecraft:jump":92,"minecraft:damage_dealt":120,"minecraft:leave_game":2,"minecraft:time_since_death":0,"minecraft:total_world_time":17488,"minecraft:fall_one_cm":2255,"minecraft:fly_one_cm":24714},"minecraft:used":{"minecraft:tnt":9,"alexsmobs:animal_dictionary":1,"minecraft:redstone_block":1},"minecraft:mined":{"minecraft:grass":2,"minecraft:oak_log":1},"minecraft:killed_by":{"born_in_chaos_v1:baby_skeleton":1},"minecraft:picked_up":{"minecraft:chicken":1,"minecraft:oak_log":1},"minecraft:killed":{"minecraft:chicken":1}},"DataVersion":3465}