{"stats":{"minecraft:custom":{"minecraft:interact_with_furnace":11,"minecraft:mob_kills":10,"minecraft:interact_with_crafting_table":7,"minecraft:open_barrel":8,"minecraft:damage_dealt_resisted":18,"minecraft:leave_game":3,"minecraft:time_since_death":3347,"minecraft:climb_one_cm":932,"minecraft:time_since_rest":948,"minecraft:sprint_one_cm":150981,"minecraft:damage_taken":3362,"minecraft:walk_one_cm":167854,"minecraft:drop":31,"minecraft:damage_dealt":2237,"minecraft:swim_one_cm":3207,"minecraft:fly_one_cm":203037,"minecraft:open_chest":4,"minecraft:crouch_one_cm":9226,"minecraft:play_time":80479,"tombstone:undead_killed":6,"minecraft:deaths":12,"minecraft:sneak_time":2518,"minecraft:walk_under_water_one_cm":2050,"minecraft:jump":1026,"minecraft:walk_on_water_one_cm":3695,"minecraft:total_world_time":80479,"minecraft:fall_one_cm":22332},"minecraft:used":{"minecraft:stone_sword":20,"minecraft:birch_planks":1,"minecraft:stone_pickaxe":31,"minecraft:oak_planks":24,"minecraft:wooden_pickaxe":9,"minecraft:iron_sword":12,"minecraft:brown_mushroom":2,"minecraft:redstone_block":1,"luminousworld:groundpebbles_1":1,"luminousworld:decorative_brown_2":2,"minecraft:dirt":1,"minecraft:sand":8,"minecraft:tnt":9,"minecraft:crafting_table":3,"minecraft:mushroom_stew":4,"minecraft:iron_axe":38,"minecraft:cobblestone":2,"minecraft:stone_axe":86,"minecraft:furnace":1,"quark:blossom_planks":20,"tombstone:gift":2,"alexsmobs:animal_dictionary":1,"iceandfire:dragonegg_red":1,"minecraft:cooked_beef":2,"minecraft:iron_leggings":1,"luminousworld:decorative_brown_mushroom_1":1,"minecraft:dark_oak_sapling":1},"minecraft:mined":{"luminousworld:soft_birch_log":3,"luminousworld:groundpebbles_1":1,"minecraft:dark_oak_leaves":8,"luminousworld:birchtreemushrooms":1,"minecraft:jungle_leaves":1,"minecraft:crafting_table":2,"minecraft:grass_block":5,"minecraft:jungle_log":13,"quark:blossom_log":5,"minecraft:mushroom_stem":14,"minecraft:brown_mushroom_block":28,"minecraft:cobblestone":2,"luminousworld:decorative_brown_mushroom_1":1,"minecraft:spruce_leaves":1,"minecraft:oak_planks":3,"minecraft:sandstone":1,"minecraft:jungle_wood":1,"minecraft:furnace":1,"minecraft:barrel":1,"quark:blossom_planks":3,"minecraft:grass":8,"minecraft:oak_log":16,"minecraft:vine":4,"minecraft:sand":9,"minecraft:dirt":12,"minecraft:stone_bricks":1,"minecraft:red_mushroom_block":16,"minecraft:stone":23,"luminousworld:decorative_brown_2":2,"minecraft:oak_leaves":10,"minecraft:fern":2},"minecraft:crafted":{"minecraft:cooked_beef":6,"minecraft:oak_planks":64,"quark:blossom_planks":20,"minecraft:crafting_table":2,"minecraft:wooden_pickaxe":1,"minecraft:bowl":8,"minecraft:furnace":1,"minecraft:mushroom_stew":4,"minecraft:birch_planks":12,"minecraft:stone_axe":1,"minecraft:air":0,"minecraft:charcoal":11,"minecraft:stick":8,"minecraft:stone_pickaxe":1,"minecraft:stone_sword":1},"minecraft:picked_up":{"minecraft:cocoa_beans":2,"luminousworld:groundpebbles_1":1,"minecraft:iron_chestplate":1,"minecraft:crafting_table":2,"luminousworld:decorative_brown_2":2,"minecraft:chicken":2,"minecraft:jungle_log":11,"minecraft:jungle_wood":1,"minecraft:leather":1,"minecraft:brown_mushroom":6,"minecraft:red_mushroom":16,"minecraft:wooden_pickaxe":1,"minecraft:oak_log":17,"tombstone:grave_key":2,"supplementaries:flax_seeds":3,"aether:leather_gloves":1,"minecraft:string":1,"minecraft:dirt":19,"tombstone:familiar_receptacle":1,"minecraft:iron_axe":1,"minecraft:stone_bricks":1,"minecraft:wheat_seeds":2,"earthmobsmod:fancy_feather":1,"minecraft:beef":6,"minecraft:iron_ore":21,"minecraft:jungle_sapling":1,"minecraft:iron_nugget":38,"minecraft:iron_sword":1,"minecraft:oak_planks":3,"minecraft:iron_boots":1,"minecraft:furnace":1,"tombstone:scroll_of_lightning_resistance":1,"minecraft:dark_oak_sapling":1,"minecraft:sandstone":2,"minecraft:music_disc_13":1,"quark:blossom_log":5,"minecraft:sand":8,"minecraft:redstone":7,"quark:blossom_planks":3,"iceandfire:dragonegg_red":2,"tombstone:scroll_of_true_sight":1,"quark:ancient_tome":1,"luminousworld:decorative_brown_mushroom_1":1,"minecraft:rotten_flesh":14,"luminousworld:soft_birch_log":3,"minecraft:golden_apple":1,"supplementaries:quiver":1,"minecraft:oak_sapling":2,"minecraft:melon_seeds":3,"minecraft:cobblestone":25},"minecraft:killed_by":{"minecraft:vindicator":2,"minecraft:husk":1,"born_in_chaos_v1:baby_skeleton":1,"iceandfire:ghost":2,"alexsmobs:cachalot_whale":1,"born_in_chaos_v1:dread_hound":1,"iceandfire:fire_dragon":1,"minecraft:vex":1},"minecraft:dropped":{"minecraft:iron_sword":1,"minecraft:stone_axe":1,"minecraft:wheat_seeds":2,"minecraft:birch_planks":11,"minecraft:cooked_beef":1,"minecraft:stone_sword":1,"minecraft:cocoa_beans":2,"minecraft:bowl":8,"minecraft:rotten_flesh":1,"aether:leather_gloves":1,"minecraft:jungle_wood":1,"minecraft:stick":1,"supplementaries:flax_seeds":3,"minecraft:dirt":6,"supplementaries:quiver":1,"iceandfire:dragonegg_red":1,"tombstone:grave_key":5,"minecraft:charcoal":3,"earthmobsmod:fancy_feather":1,"minecraft:sandstone":2,"minecraft:wooden_pickaxe":2},"minecraft:killed":{"minecraft:husk":1,"earthmobsmod:cream_cow":2,"iceandfire:ghost":2,"minecraft:zombie":1,"luminousworld:dark_oak_skeleton":1,"minecraft:chicken":1,"earthmobsmod:fancy_chicken":1,"luminousworld:dark_oak_zombie":1}},"DataVersion":3465}