{"stats":{"minecraft:crafted":{"minecraft:crafting_table":1,"minecraft:stick":4},"minecraft:used":{"minecraft:stone_sword":6,"minecraft:crafting_table":1},"minecraft:custom":{"minecraft:time_since_rest":768,"minecraft:crouch_one_cm":205,"minecraft:sprint_one_cm":12805,"minecraft:play_time":64802,"minecraft:walk_one_cm":4707,"minecraft:damage_taken":240,"minecraft:deaths":1,"minecraft:sneak_time":73,"minecraft:walk_under_water_one_cm":7868,"minecraft:mob_kills":2,"minecraft:jump":51,"minecraft:damage_dealt":300,"minecraft:time_since_death":1564,"minecraft:leave_game":3,"minecraft:walk_on_water_one_cm":4049,"minecraft:total_world_time":64802,"minecraft:climb_one_cm":95,"minecraft:swim_one_cm":24988,"minecraft:interact_with_crafting_table":1,"minecraft:fall_one_cm":1463,"minecraft:fly_one_cm":23211},"minecraft:killed":{"alexsmobs:terrapin":1,"creeperoverhaul:bamboo_creeper":1},"minecraft:picked_up":{"minecraft:bamboo":2}},"DataVersion":3465}