{"stats":{"minecraft:crafted":{"quark:jungle_chest":3,"minecraft:bow":1,"minecraft:iron_boots":1,"minecraft:chest":2,"minecraft:wheat":270,"sophisticatedbackpacks:backpack":2,"minecraft:crafting_table":4,"minecraft:jungle_boat":1,"minecraft:iron_sword":1,"minecraft:stone_axe":1,"minecraft:jungle_planks":92,"minecraft:air":0,"minecraft:bread":110,"minecraft:string":8,"minecraft:iron_chestplate":1,"minecraft:shield":1,"minecraft:stick":9,"minecraft:iron_ingot":13,"minecraft:iron_pickaxe":1,"minecraft:iron_leggings":1},"minecraft:killed_by":{"minecraft:player":1,"iceandfire:cyclops":1,"illagerinvasion:basher":4,"mowziesmobs:ferrous_wroughtnaut":2,"minecraft:vindicator":5,"iceandfire:gorgon":1,"minecraft:skeleton":1,"iceandfire:ghost":1,"iceandfire:cockatrice":1},"minecraft:custom":{"minecraft:mob_kills":47,"minecraft:interact_with_crafting_table":18,"minecraft:open_barrel":14,"minecraft:leave_game":4,"minecraft:time_since_death":22295,"minecraft:climb_one_cm":5304,"minecraft:sprint_one_cm":674854,"minecraft:walk_one_cm":311919,"minecraft:damage_blocked_by_shield":145,"minecraft:drop":61,"minecraft:talked_to_villager":1,"minecraft:play_time":262611,"minecraft:deaths":21,"minecraft:sneak_time":3797,"minecraft:walk_under_water_one_cm":37964,"minecraft:boat_one_cm":52605,"minecraft:jump":3220,"minecraft:interact_with_blast_furnace":5,"minecraft:walk_on_water_one_cm":65533,"minecraft:total_world_time":262611,"minecraft:interact_with_furnace":1,"tombstone:raider_killed":10,"minecraft:sleep_in_bed":9,"minecraft:time_since_rest":909,"minecraft:damage_taken":2147483647,"minecraft:damage_absorbed":40,"minecraft:trigger_trapped_chest":1,"minecraft:damage_dealt":10987,"tombstone:cast_on_ally":0,"minecraft:swim_one_cm":157579,"minecraft:fly_one_cm":1336560,"minecraft:open_chest":58,"minecraft:crouch_one_cm":7110,"tombstone:undead_killed":7,"minecraft:interact_with_smoker":1,"minecraft:fall_one_cm":89282},"minecraft:used":{"minecraft:stone_sword":91,"quark:jungle_chest":1,"minecraft:shield":7,"minecraft:iron_sword":59,"minecraft:player_head":2,"minecraft:cooked_chicken":1,"minecraft:dirt":9,"minecraft:jungle_planks":1,"minecraft:honey_block":1,"minecraft:iron_axe":12,"minecraft:jungle_log":1,"minecraft:bow":7,"tombstone:gift":3,"naturalist:bass":1,"minecraft:water_bucket":2,"minecraft:birch_planks":8,"minecraft:stone_pickaxe":79,"minecraft:jungle_boat":1,"minecraft:golden_apple":1,"minecraft:sand":21,"minecraft:crafting_table":7,"minecraft:blast_furnace":1,"mowziesmobs:wrought_axe":130,"luminousworld:creepberries":4,"minecraft:bread":73,"minecraft:iron_pickaxe":79,"ecologics:coconut_slice":5,"minecraft:stone_axe":46,"minecraft:diamond_sword":92,"minecraft:cobblestone":20,"minecraft:bucket":2,"minecraft:yellow_bed":5,"alexsmobs:animal_dictionary":2,"minecraft:cobweb":6},"minecraft:mined":{"minecraft:spruce_planks":2,"iceandfire:silver_ore":11,"minecraft:mossy_cobblestone":2,"iceandfire:copper_pile":1,"minecraft:red_nether_bricks":5,"minecraft:grass_block":5,"minecraft:jungle_planks":2,"minecraft:jungle_log":24,"minecraft:redstone_wire":28,"quark:jungle_chest":1,"minecraft:spruce_leaves":1,"minecraft:spawner":1,"luminousworld:savanna_grass_2":7,"minecraft:chiseled_stone_bricks":2,"minecraft:hay_block":62,"minecraft:magma_block":6,"minecraft:furnace":1,"minecraft:iron_ore":22,"minecraft:andesite":1,"minecraft:packed_ice":30,"minecraft:stone":10,"minecraft:player_head":1,"luminousworld:creepbush":4,"minecraft:oak_slab":1,"luminousworld:blueberrybush":1,"minecraft:smoker":1,"minecraft:crafting_table":3,"luminousworld:savannah_grass_1":4,"minecraft:honey_block":41,"minecraft:blast_furnace":1,"minecraft:nether_brick_slab":1,"minecraft:cobblestone":5,"minecraft:oak_planks":6,"supplementaries:urn":4,"minecraft:spruce_stairs":5,"minecraft:repeater":32,"minecraft:tnt":5,"minecraft:yellow_bed":5,"minecraft:grass":6,"minecraft:coal_ore":1,"minecraft:sand":21,"minecraft:dirt":12,"minecraft:cobweb":5,"luminousworld:savannah_grass_4":3,"minecraft:netherrack":22,"luminousworld:elephant_grass":2,"minecraft:oak_leaves":2},"minecraft:killed":{"illagerinvasion:archivist":1,"luminousworld:frostbitten_zombie":1,"minecraft:evoker":3,"alexsmobs:tiger":1,"born_in_chaos_v1:zombie_clown_not_despawn":1,"minecraft:vindicator":2,"minecraft:spider":1,"illagerinvasion:marauder":1,"illagerinvasion:basher":1,"creeperoverhaul:bamboo_creeper":1,"iceandfire:siren":2,"naturalist:bass":1,"illagerinvasion:provoker":1,"ecologics:coconut_crab":1,"born_in_chaos_v1:corpse_fish":2,"artifacts:mimic":1,"illagerinvasion:necromancer":1,"minecraft:pig":1,"iceandfire:cockatrice":1,"born_in_chaos_v1:decrepit_skeleton":1,"alexsmobs:emu":1,"minecraft:sheep":4,"alexsmobs:catfish":1,"undead_revamp2:thesomnolence":2,"minecraft:zombie":4,"alexsmobs:terrapin":1,"born_in_chaos_v1:corpse_fly":1,"minecraft:glow_squid":1},"minecraft:picked_up":{"minecraft:fishing_rod":1,"minecraft:crafting_table":3,"minecraft:wheat":67,"minecraft:flower_pot":1,"minecraft:diamond_sword":1,"aether:leather_gloves":1,"minecraft:string":6,"minecraft:raw_copper":11,"minecraft:iron_axe":1,"born_in_chaos_v1:intoxicating_decoction":1,"minecraft:red_nether_bricks":5,"minecraft:cartography_table":1,"earthmobsmod:duck_egg":1,"minecraft:spruce_planks":1,"minecraft:redstone_torch":1,"minecraft:player_head":2,"minecraft:jungle_sapling":1,"minecraft:iron_nugget":7,"minecraft:furnace":1,"minecraft:stick":2,"minecraft:raw_iron":18,"ecologics:coconut_slice":10,"minecraft:spruce_stairs":4,"quark:jungle_chest":1,"minecraft:porkchop":2,"tombstone:grave_dust":3,"minecraft:diorite":7,"minecraft:redstone":27,"minecraft:prismarine_crystals":4,"minecraft:stone_pressure_plate":1,"minecraft:tnt":5,"minecraft:arrow":4,"minecraft:rotten_flesh":7,"minecraft:hay_block":61,"artifacts:running_shoes":1,"alexsmobs:emu_egg":1,"minecraft:totem_of_undying":3,"minecraft:mutton":5,"alexsmobs:flying_fish":1,"minecraft:white_wool":4,"minecraft:cobblestone":15,"minecraft:magma_block":5,"minecraft:feather":9,"minecraft:repeater":32,"minecraft:glow_ink_sac":1,"minecraft:andesite":1,"minecraft:jungle_log":24,"minecraft:leather":8,"minecraft:smoker":1,"minecraft:birch_planks":8,"minecraft:flint":3,"supplementaries:flax_seeds":2,"minecraft:yellow_bed":5,"mowziesmobs:wrought_axe":1,"minecraft:dirt":14,"minecraft:lantern":1,"naturalist:bass":1,"minecraft:bone":2,"minecraft:wheat_seeds":108,"minecraft:raw_gold":4,"luminousworld:elephant_grass":2,"minecraft:iron_ingot":6,"minecraft:cooked_chicken":2,"minecraft:bamboo":2,"minecraft:oak_planks":6,"iceandfire:copper_nugget":6,"minecraft:chiseled_stone_bricks":2,"luminousworld:creepberries":4,"iceandfire:shiny_scales":7,"minecraft:sand":21,"minecraft:jungle_planks":3,"mowziesmobs:wrought_helmet":1,"minecraft:blast_furnace":1,"minecraft:nether_brick_slab":1,"minecraft:dead_bush":1,"minecraft:mossy_cobblestone":1,"alexsmobs:raw_catfish":2,"iceandfire:cockatrice_skull":1,"minecraft:honey_block":57,"minecraft:chainmail_leggings":1,"minecraft:iron_helmet":4,"minecraft:oak_sapling":1,"minecraft:spruce_sign":1,"minecraft:baked_potato":1,"minecraft:emerald":4,"born_in_chaos_v1:rotten_fish":1,"minecraft:netherrack":12,"minecraft:coal":17,"iceandfire:raw_silver":10},"minecraft:dropped":{"minecraft:iron_ingot":10,"minecraft:spruce_sign":1,"minecraft:bread":1,"minecraft:iron_sword":1,"minecraft:birch_planks":8,"minecraft:wheat_seeds":45,"minecraft:glow_ink_sac":1,"minecraft:iron_helmet":3,"minecraft:feather":9,"minecraft:cobblestone":1,"minecraft:jungle_planks":3,"minecraft:spruce_stairs":2,"alexsmobs:raw_catfish":2,"minecraft:emerald":1,"minecraft:stick":4,"minecraft:flint":3,"minecraft:cobweb":1,"minecraft:diorite":7,"iceandfire:copper_nugget":6,"tombstone:grave_dust":1,"minecraft:dead_bush":1,"mowziesmobs:wrought_helmet":1,"minecraft:iron_axe":1,"minecraft:chainmail_leggings":1,"minecraft:string":2,"minecraft:fishing_rod":1,"minecraft:nether_brick_slab":1,"minecraft:stone_axe":1,"minecraft:iron_nugget":7,"minecraft:stone_sword":1,"alexsmobs:animal_dictionary":1,"minecraft:wheat":7,"minecraft:rotten_flesh":2,"aether:leather_gloves":1,"minecraft:oak_planks":6,"sophisticatedbackpacks:backpack":1,"minecraft:chiseled_stone_bricks":2,"supplementaries:flax_seeds":2,"minecraft:flower_pot":1,"minecraft:spruce_planks":1,"minecraft:andesite":1,"ecologics:coconut_husk":5,"iceandfire:bestiary":1,"minecraft:redstone_torch":1,"minecraft:stone_pressure_plate":1,"luminousworld:elephant_grass":2,"minecraft:red_nether_bricks":5,"minecraft:stone_pickaxe":1,"minecraft:magma_block":5,"minecraft:netherrack":12,"iceandfire:manuscript":2}},"DataVersion":3465}