{"stats":{"minecraft:crafted":{"quark:jungle_chest":3,"minecraft:bow":1,"minecraft:iron_boots":1,"minecraft:chest":2,"minecraft:wheat":99,"sophisticatedbackpacks:backpack":2,"minecraft:crafting_table":4,"minecraft:jungle_boat":1,"minecraft:iron_sword":1,"minecraft:stone_axe":1,"minecraft:jungle_planks":44,"minecraft:air":0,"minecraft:bread":52,"minecraft:string":8,"minecraft:iron_chestplate":1,"minecraft:shield":1,"minecraft:stick":9,"minecraft:iron_ingot":13,"minecraft:iron_pickaxe":1,"minecraft:iron_leggings":1},"minecraft:killed_by":{"minecraft:player":1,"illagerinvasion:basher":4,"mowziesmobs:ferrous_wroughtnaut":2,"minecraft:vindicator":5,"iceandfire:gorgon":1,"minecraft:skeleton":1,"iceandfire:ghost":1,"iceandfire:cockatrice":1},"minecraft:custom":{"minecraft:mob_kills":33,"minecraft:interact_with_crafting_table":17,"minecraft:open_barrel":11,"minecraft:leave_game":4,"minecraft:time_since_death":19173,"minecraft:climb_one_cm":2090,"minecraft:sprint_one_cm":352703,"minecraft:walk_one_cm":205453,"minecraft:damage_blocked_by_shield":120,"minecraft:drop":46,"minecraft:talked_to_villager":1,"minecraft:play_time":202612,"minecraft:deaths":18,"minecraft:sneak_time":1397,"minecraft:walk_under_water_one_cm":22836,"minecraft:boat_one_cm":52605,"minecraft:jump":1928,"minecraft:interact_with_blast_furnace":5,"minecraft:walk_on_water_one_cm":40886,"minecraft:total_world_time":202612,"minecraft:interact_with_furnace":1,"tombstone:raider_killed":9,"minecraft:sleep_in_bed":3,"minecraft:time_since_rest":11590,"minecraft:damage_taken":2147483647,"minecraft:damage_absorbed":40,"minecraft:trigger_trapped_chest":1,"minecraft:damage_dealt":7138,"minecraft:swim_one_cm":96691,"minecraft:fly_one_cm":556323,"minecraft:open_chest":45,"minecraft:crouch_one_cm":1815,"tombstone:undead_killed":4,"minecraft:interact_with_smoker":1,"minecraft:fall_one_cm":46647},"minecraft:used":{"minecraft:stone_sword":91,"quark:jungle_chest":1,"minecraft:shield":6,"minecraft:iron_sword":59,"minecraft:cooked_chicken":1,"minecraft:dirt":1,"minecraft:iron_axe":12,"minecraft:jungle_log":1,"minecraft:bow":3,"tombstone:gift":1,"naturalist:bass":1,"minecraft:water_bucket":1,"minecraft:birch_planks":8,"minecraft:stone_pickaxe":79,"minecraft:jungle_boat":1,"minecraft:golden_apple":1,"minecraft:sand":21,"minecraft:crafting_table":7,"minecraft:blast_furnace":1,"mowziesmobs:wrought_axe":83,"luminousworld:creepberries":4,"minecraft:bread":33,"minecraft:iron_pickaxe":20,"ecologics:coconut_slice":5,"minecraft:stone_axe":46,"minecraft:cobblestone":18,"minecraft:bucket":1,"minecraft:yellow_bed":1,"alexsmobs:animal_dictionary":2,"minecraft:cobweb":6},"minecraft:mined":{"minecraft:spruce_planks":2,"iceandfire:silver_ore":9,"iceandfire:copper_pile":1,"minecraft:red_nether_bricks":5,"minecraft:grass_block":3,"minecraft:jungle_planks":2,"minecraft:jungle_log":24,"quark:jungle_chest":1,"minecraft:spawner":1,"luminousworld:savanna_grass_2":7,"minecraft:chiseled_stone_bricks":2,"minecraft:hay_block":43,"minecraft:magma_block":6,"minecraft:furnace":1,"minecraft:iron_ore":22,"minecraft:andesite":1,"minecraft:stone":6,"luminousworld:creepbush":4,"minecraft:oak_slab":1,"minecraft:smoker":1,"minecraft:crafting_table":3,"luminousworld:savannah_grass_1":4,"minecraft:blast_furnace":1,"minecraft:nether_brick_slab":1,"minecraft:cobblestone":2,"minecraft:oak_planks":6,"supplementaries:urn":4,"minecraft:spruce_stairs":5,"minecraft:tnt":5,"minecraft:yellow_bed":2,"minecraft:grass":4,"minecraft:coal_ore":1,"minecraft:sand":21,"minecraft:dirt":6,"minecraft:cobweb":5,"luminousworld:savannah_grass_4":3,"minecraft:netherrack":18,"luminousworld:elephant_grass":2,"minecraft:oak_leaves":2},"minecraft:killed":{"illagerinvasion:archivist":1,"minecraft:evoker":2,"minecraft:vindicator":2,"minecraft:spider":1,"illagerinvasion:marauder":1,"illagerinvasion:basher":1,"creeperoverhaul:bamboo_creeper":1,"naturalist:bass":1,"illagerinvasion:provoker":1,"ecologics:coconut_crab":1,"illagerinvasion:necromancer":1,"minecraft:pig":1,"iceandfire:cockatrice":1,"born_in_chaos_v1:decrepit_skeleton":1,"alexsmobs:emu":1,"minecraft:sheep":4,"alexsmobs:catfish":1,"undead_revamp2:thesomnolence":2,"minecraft:zombie":3,"alexsmobs:terrapin":1,"born_in_chaos_v1:corpse_fly":1,"minecraft:glow_squid":1},"minecraft:picked_up":{"minecraft:fishing_rod":1,"minecraft:crafting_table":3,"minecraft:wheat":64,"minecraft:flower_pot":1,"minecraft:diamond_sword":1,"aether:leather_gloves":1,"minecraft:string":5,"minecraft:raw_copper":11,"minecraft:iron_axe":1,"minecraft:red_nether_bricks":5,"minecraft:cartography_table":1,"earthmobsmod:duck_egg":1,"minecraft:spruce_planks":1,"minecraft:redstone_torch":1,"minecraft:player_head":1,"minecraft:iron_nugget":7,"minecraft:furnace":1,"minecraft:stick":2,"minecraft:raw_iron":18,"ecologics:coconut_slice":10,"minecraft:spruce_stairs":4,"quark:jungle_chest":1,"minecraft:porkchop":2,"tombstone:grave_dust":2,"minecraft:diorite":7,"minecraft:stone_pressure_plate":1,"minecraft:tnt":5,"minecraft:arrow":4,"minecraft:rotten_flesh":2,"minecraft:hay_block":42,"alexsmobs:emu_egg":1,"minecraft:totem_of_undying":2,"minecraft:mutton":5,"alexsmobs:flying_fish":1,"minecraft:white_wool":4,"minecraft:cobblestone":13,"minecraft:magma_block":5,"minecraft:feather":9,"minecraft:glow_ink_sac":1,"minecraft:andesite":1,"minecraft:jungle_log":24,"minecraft:leather":8,"minecraft:smoker":1,"minecraft:birch_planks":8,"minecraft:flint":3,"supplementaries:flax_seeds":2,"minecraft:yellow_bed":2,"mowziesmobs:wrought_axe":1,"minecraft:dirt":6,"naturalist:bass":1,"minecraft:wheat_seeds":108,"minecraft:raw_gold":4,"luminousworld:elephant_grass":2,"minecraft:iron_ingot":6,"minecraft:cooked_chicken":2,"minecraft:bamboo":2,"minecraft:oak_planks":6,"iceandfire:copper_nugget":6,"minecraft:chiseled_stone_bricks":2,"luminousworld:creepberries":4,"minecraft:sand":21,"minecraft:jungle_planks":3,"mowziesmobs:wrought_helmet":1,"minecraft:blast_furnace":1,"minecraft:nether_brick_slab":1,"minecraft:dead_bush":1,"alexsmobs:raw_catfish":2,"iceandfire:cockatrice_skull":1,"minecraft:iron_helmet":4,"minecraft:emerald":3,"minecraft:netherrack":12,"minecraft:coal":17,"iceandfire:raw_silver":8},"minecraft:dropped":{"minecraft:iron_sword":1,"minecraft:birch_planks":8,"minecraft:wheat_seeds":45,"minecraft:glow_ink_sac":1,"minecraft:iron_helmet":2,"minecraft:feather":9,"minecraft:cobblestone":1,"minecraft:jungle_planks":3,"minecraft:spruce_stairs":2,"alexsmobs:raw_catfish":2,"minecraft:stick":4,"minecraft:flint":3,"minecraft:cobweb":1,"minecraft:diorite":7,"iceandfire:copper_nugget":6,"tombstone:grave_dust":1,"minecraft:dead_bush":1,"mowziesmobs:wrought_helmet":1,"minecraft:string":2,"minecraft:nether_brick_slab":1,"minecraft:iron_nugget":7,"minecraft:stone_sword":1,"minecraft:wheat":7,"minecraft:rotten_flesh":1,"aether:leather_gloves":1,"minecraft:oak_planks":4,"sophisticatedbackpacks:backpack":1,"minecraft:chiseled_stone_bricks":2,"supplementaries:flax_seeds":2,"minecraft:flower_pot":1,"minecraft:spruce_planks":1,"minecraft:andesite":1,"minecraft:redstone_torch":1,"minecraft:stone_pressure_plate":1,"luminousworld:elephant_grass":2,"minecraft:red_nether_bricks":5,"minecraft:stone_pickaxe":1,"minecraft:magma_block":5,"minecraft:netherrack":12,"iceandfire:manuscript":2}},"DataVersion":3465}