{"stats":{"minecraft:crafted":{"minecraft:bow":1,"minecraft:iron_boots":1,"minecraft:wheat":99,"minecraft:crafting_table":2,"minecraft:iron_sword":1,"minecraft:stone_axe":1,"minecraft:air":0,"minecraft:bread":52,"minecraft:iron_chestplate":1,"minecraft:shield":1,"minecraft:stick":5,"minecraft:iron_ingot":13,"minecraft:iron_leggings":1},"minecraft:killed_by":{"minecraft:player":1,"illagerinvasion:basher":4,"mowziesmobs:ferrous_wroughtnaut":2,"minecraft:vindicator":5,"iceandfire:gorgon":1,"minecraft:skeleton":1,"iceandfire:cockatrice":1},"minecraft:custom":{"minecraft:mob_kills":26,"minecraft:interact_with_crafting_table":9,"minecraft:open_barrel":4,"minecraft:leave_game":4,"minecraft:time_since_death":4787,"minecraft:climb_one_cm":1969,"minecraft:sprint_one_cm":252908,"minecraft:walk_one_cm":160709,"minecraft:damage_blocked_by_shield":80,"minecraft:drop":27,"minecraft:talked_to_villager":1,"minecraft:play_time":124612,"minecraft:deaths":16,"minecraft:sneak_time":779,"minecraft:walk_under_water_one_cm":16598,"minecraft:jump":1306,"minecraft:interact_with_blast_furnace":5,"minecraft:walk_on_water_one_cm":34796,"minecraft:total_world_time":124612,"minecraft:interact_with_furnace":1,"tombstone:raider_killed":9,"minecraft:sleep_in_bed":1,"minecraft:time_since_rest":4441,"minecraft:damage_taken":2147483647,"minecraft:damage_absorbed":40,"minecraft:damage_dealt":5731,"minecraft:swim_one_cm":76690,"minecraft:fly_one_cm":259156,"minecraft:open_chest":30,"minecraft:crouch_one_cm":1054,"tombstone:undead_killed":2,"minecraft:interact_with_smoker":1,"minecraft:fall_one_cm":28060},"minecraft:used":{"minecraft:stone_sword":91,"minecraft:shield":4,"minecraft:iron_sword":59,"minecraft:cooked_chicken":1,"minecraft:bow":3,"tombstone:gift":1,"naturalist:bass":1,"minecraft:stone_pickaxe":79,"minecraft:golden_apple":1,"minecraft:crafting_table":5,"minecraft:blast_furnace":1,"mowziesmobs:wrought_axe":1,"luminousworld:creepberries":4,"minecraft:bread":23,"minecraft:stone_axe":46,"minecraft:cobblestone":18,"minecraft:cobweb":6},"minecraft:mined":{"minecraft:spruce_planks":2,"iceandfire:silver_ore":1,"iceandfire:copper_pile":1,"minecraft:red_nether_bricks":5,"minecraft:jungle_planks":2,"minecraft:jungle_log":24,"luminousworld:savanna_grass_2":7,"minecraft:chiseled_stone_bricks":2,"minecraft:hay_block":27,"minecraft:magma_block":6,"minecraft:furnace":1,"minecraft:iron_ore":15,"minecraft:stone":3,"luminousworld:creepbush":4,"minecraft:smoker":1,"minecraft:crafting_table":3,"luminousworld:savannah_grass_1":4,"minecraft:blast_furnace":1,"minecraft:nether_brick_slab":1,"minecraft:cobblestone":2,"minecraft:oak_planks":4,"supplementaries:urn":4,"minecraft:spruce_stairs":3,"minecraft:yellow_bed":1,"minecraft:grass":3,"minecraft:coal_ore":1,"minecraft:cobweb":5,"luminousworld:savannah_grass_4":3,"minecraft:netherrack":18,"luminousworld:elephant_grass":2,"minecraft:oak_leaves":2},"minecraft:killed":{"illagerinvasion:archivist":1,"minecraft:evoker":2,"minecraft:vindicator":2,"minecraft:spider":1,"illagerinvasion:marauder":1,"illagerinvasion:basher":1,"creeperoverhaul:bamboo_creeper":1,"naturalist:bass":1,"illagerinvasion:provoker":1,"illagerinvasion:necromancer":1,"iceandfire:cockatrice":1,"born_in_chaos_v1:decrepit_skeleton":1,"alexsmobs:emu":1,"minecraft:sheep":4,"alexsmobs:catfish":1,"minecraft:zombie":1,"alexsmobs:terrapin":1,"born_in_chaos_v1:corpse_fly":1},"minecraft:picked_up":{"minecraft:crafting_table":3,"minecraft:wheat":64,"minecraft:flower_pot":1,"minecraft:diamond_sword":1,"minecraft:string":5,"minecraft:raw_copper":11,"minecraft:iron_axe":1,"minecraft:red_nether_bricks":5,"minecraft:cartography_table":1,"earthmobsmod:duck_egg":1,"minecraft:spruce_planks":1,"minecraft:iron_nugget":7,"minecraft:furnace":1,"minecraft:stick":2,"minecraft:raw_iron":14,"minecraft:spruce_stairs":2,"minecraft:diorite":7,"minecraft:stone_pressure_plate":1,"minecraft:arrow":4,"minecraft:hay_block":26,"alexsmobs:emu_egg":1,"minecraft:totem_of_undying":2,"minecraft:mutton":5,"minecraft:white_wool":4,"minecraft:cobblestone":10,"minecraft:magma_block":5,"minecraft:feather":9,"minecraft:jungle_log":22,"minecraft:leather":8,"minecraft:smoker":1,"minecraft:birch_planks":8,"minecraft:flint":3,"supplementaries:flax_seeds":1,"minecraft:yellow_bed":1,"mowziesmobs:wrought_axe":1,"naturalist:bass":1,"minecraft:wheat_seeds":108,"minecraft:raw_gold":4,"luminousworld:elephant_grass":2,"minecraft:iron_ingot":6,"minecraft:cooked_chicken":2,"minecraft:bamboo":2,"minecraft:oak_planks":4,"iceandfire:copper_nugget":6,"minecraft:chiseled_stone_bricks":2,"luminousworld:creepberries":4,"minecraft:jungle_planks":3,"mowziesmobs:wrought_helmet":1,"minecraft:blast_furnace":1,"minecraft:nether_brick_slab":1,"minecraft:dead_bush":1,"alexsmobs:raw_catfish":2,"iceandfire:cockatrice_skull":1,"minecraft:iron_helmet":1,"minecraft:emerald":3,"minecraft:netherrack":12,"minecraft:coal":17},"minecraft:dropped":{"minecraft:birch_planks":8,"minecraft:wheat_seeds":45,"minecraft:feather":9,"minecraft:spruce_stairs":2,"alexsmobs:raw_catfish":2,"minecraft:stick":2,"minecraft:flint":3,"minecraft:cobweb":1,"minecraft:diorite":7,"iceandfire:copper_nugget":6,"tombstone:grave_dust":1,"minecraft:dead_bush":1,"minecraft:string":2,"minecraft:nether_brick_slab":1,"minecraft:stone_sword":1,"minecraft:oak_planks":4,"minecraft:chiseled_stone_bricks":2,"minecraft:flower_pot":1,"minecraft:spruce_planks":1,"minecraft:stone_pressure_plate":1,"luminousworld:elephant_grass":2,"minecraft:red_nether_bricks":5,"minecraft:magma_block":5,"minecraft:netherrack":12,"iceandfire:manuscript":2}},"DataVersion":3465}