{"stats":{"minecraft:crafted":{"quark:jungle_chest":3,"minecraft:glass":12,"minecraft:bow":1,"minecraft:iron_boots":1,"minecraft:chest":2,"minecraft:wheat":270,"minecraft:glass_bottle":6,"sophisticatedbackpacks:backpack":2,"minecraft:crafting_table":5,"minecraft:jungle_boat":1,"minecraft:iron_sword":1,"minecraft:stone_axe":1,"minecraft:jungle_planks":92,"minecraft:air":0,"minecraft:bread":110,"minecraft:string":8,"minecraft:iron_chestplate":1,"minecraft:shield":1,"minecraft:stick":13,"minecraft:iron_ingot":13,"minecraft:iron_pickaxe":1,"minecraft:iron_shovel":1,"minecraft:iron_leggings":1},"minecraft:killed_by":{"minecraft:player":1,"iceandfire:cyclops":1,"illagerinvasion:basher":4,"mowziesmobs:umvuthi":1,"mowziesmobs:ferrous_wroughtnaut":2,"minecraft:vindicator":5,"iceandfire:gorgon":1,"minecraft:skeleton":1,"iceandfire:lightning_dragon":2,"iceandfire:ghost":1,"iceandfire:cockatrice":1},"minecraft:custom":{"minecraft:mob_kills":52,"minecraft:interact_with_crafting_table":21,"minecraft:open_barrel":14,"minecraft:damage_dealt_resisted":18,"minecraft:leave_game":4,"minecraft:time_since_death":7821,"minecraft:climb_one_cm":5304,"minecraft:sprint_one_cm":870886,"minecraft:walk_one_cm":392682,"minecraft:damage_blocked_by_shield":401,"minecraft:drop":91,"minecraft:talked_to_villager":1,"minecraft:play_time":322611,"minecraft:deaths":24,"minecraft:sneak_time":3880,"minecraft:walk_under_water_one_cm":42405,"minecraft:boat_one_cm":52605,"minecraft:jump":4173,"minecraft:interact_with_blast_furnace":5,"minecraft:walk_on_water_one_cm":75737,"minecraft:total_world_time":322611,"minecraft:interact_with_furnace":5,"tombstone:raider_killed":10,"minecraft:sleep_in_bed":15,"minecraft:time_since_rest":6897,"minecraft:damage_taken":2147483647,"minecraft:damage_absorbed":120,"minecraft:trigger_trapped_chest":1,"minecraft:damage_dealt":11936,"tombstone:cast_on_ally":0,"minecraft:swim_one_cm":195275,"minecraft:fly_one_cm":1634476,"minecraft:open_chest":66,"minecraft:crouch_one_cm":7126,"tombstone:undead_killed":8,"minecraft:interact_with_smoker":1,"minecraft:fall_one_cm":113697},"minecraft:used":{"minecraft:iron_shovel":150,"minecraft:stone_sword":91,"born_in_chaos_v1:intoxicating_decoction":1,"quark:jungle_chest":1,"minecraft:shield":50,"minecraft:iron_sword":59,"minecraft:orange_bed":1,"minecraft:player_head":2,"minecraft:cooked_chicken":1,"minecraft:dirt":9,"minecraft:jungle_planks":1,"minecraft:iron_hoe":57,"minecraft:honey_block":1,"minecraft:iron_axe":12,"minecraft:jungle_log":1,"minecraft:bow":106,"minecraft:furnace":1,"tombstone:gift":3,"naturalist:bass":1,"minecraft:water_bucket":2,"minecraft:birch_planks":8,"minecraft:stone_pickaxe":79,"minecraft:jungle_boat":1,"minecraft:golden_apple":3,"minecraft:sand":21,"minecraft:crafting_table":8,"minecraft:blast_furnace":1,"mowziesmobs:wrought_axe":136,"luminousworld:creepberries":4,"minecraft:bread":100,"minecraft:iron_pickaxe":109,"minecraft:gravel":66,"ecologics:coconut_slice":5,"minecraft:stone_axe":46,"minecraft:diamond_sword":104,"minecraft:potion":1,"minecraft:cobblestone":20,"minecraft:bucket":2,"minecraft:yellow_bed":5,"alexsmobs:animal_dictionary":2,"minecraft:cobweb":6},"minecraft:mined":{"minecraft:spruce_planks":2,"iceandfire:silver_ore":11,"minecraft:mossy_cobblestone":2,"iceandfire:copper_pile":1,"minecraft:red_nether_bricks":5,"minecraft:grass_block":5,"minecraft:jungle_planks":2,"minecraft:jungle_log":24,"minecraft:redstone_wire":28,"quark:jungle_chest":1,"minecraft:spruce_leaves":1,"minecraft:spawner":1,"luminousworld:savanna_grass_2":10,"minecraft:chiseled_stone_bricks":2,"minecraft:tall_seagrass":1,"minecraft:hay_block":134,"minecraft:magma_block":6,"minecraft:furnace":1,"minecraft:iron_ore":22,"minecraft:andesite":1,"minecraft:packed_ice":30,"minecraft:stone":40,"minecraft:player_head":1,"minecraft:orange_bed":1,"luminousworld:creepbush":4,"luminousworld:savannah_soil":1,"minecraft:oak_slab":1,"luminousworld:tall_deadbush":1,"luminousworld:blueberrybush":1,"minecraft:smoker":1,"minecraft:crafting_table":3,"luminousworld:savannah_grass_1":5,"minecraft:honey_block":41,"minecraft:blast_furnace":1,"minecraft:nether_brick_slab":1,"minecraft:cobblestone":5,"minecraft:oak_planks":6,"supplementaries:urn":4,"minecraft:spruce_stairs":5,"minecraft:repeater":32,"minecraft:tnt":5,"minecraft:yellow_bed":5,"minecraft:grass":7,"minecraft:coal_ore":1,"minecraft:gravel":148,"minecraft:sand":36,"minecraft:dirt":13,"minecraft:cobweb":5,"luminousworld:savannah_grass_4":7,"minecraft:netherrack":22,"luminousworld:elephant_grass":2,"minecraft:oak_leaves":6},"minecraft:killed":{"illagerinvasion:archivist":1,"luminousworld:frostbitten_zombie":1,"minecraft:evoker":3,"alexsmobs:tiger":1,"born_in_chaos_v1:zombie_clown_not_despawn":1,"minecraft:vindicator":2,"minecraft:spider":1,"illagerinvasion:marauder":1,"illagerinvasion:basher":1,"creeperoverhaul:bamboo_creeper":1,"iceandfire:siren":2,"naturalist:bass":1,"illagerinvasion:provoker":1,"ecologics:coconut_crab":1,"born_in_chaos_v1:corpse_fish":2,"mowziesmobs:umvuthana":3,"luminousworld:savannah_zombie":1,"artifacts:mimic":1,"illagerinvasion:necromancer":1,"minecraft:pig":1,"iceandfire:cockatrice":1,"born_in_chaos_v1:decrepit_skeleton":1,"alexsmobs:emu":1,"minecraft:sheep":4,"alexsmobs:catfish":1,"undead_revamp2:thesomnolence":2,"minecraft:zombie":4,"alexsmobs:terrapin":1,"born_in_chaos_v1:corpse_fly":1,"minecraft:glow_squid":1,"iceandfire:lightning_dragon":1},"minecraft:picked_up":{"luminousworld:groundpebbles_1":1,"iceandfire:dragon_skull_lightning":1,"minecraft:fishing_rod":1,"minecraft:crafting_table":3,"minecraft:wheat":67,"minecraft:flower_pot":1,"minecraft:diamond_sword":1,"minecraft:item_frame":1,"minecraft:acacia_door":2,"aether:leather_gloves":1,"minecraft:string":6,"minecraft:raw_copper":11,"minecraft:iron_axe":1,"born_in_chaos_v1:intoxicating_decoction":1,"minecraft:red_nether_bricks":5,"minecraft:cartography_table":1,"earthmobsmod:duck_egg":1,"minecraft:spruce_planks":1,"minecraft:redstone_torch":1,"minecraft:player_head":2,"minecraft:jungle_sapling":2,"minecraft:iron_nugget":7,"minecraft:furnace":1,"minecraft:stick":2,"minecraft:raw_iron":18,"iceandfire:dragonbone":9,"ecologics:coconut_slice":10,"minecraft:spruce_stairs":4,"quark:jungle_chest":1,"luminousworld:savannah_soil":5,"minecraft:porkchop":2,"minecraft:stone_button":2,"tombstone:grave_dust":4,"minecraft:diorite":7,"minecraft:redstone":27,"minecraft:prismarine_crystals":4,"minecraft:stone_pressure_plate":1,"minecraft:orange_bed":1,"minecraft:tnt":5,"minecraft:arrow":4,"minecraft:rotten_flesh":7,"minecraft:hay_block":131,"minecraft:yellow_terracotta":1,"artifacts:running_shoes":1,"alexsmobs:emu_egg":1,"minecraft:totem_of_undying":3,"luminousworld:tall_deadbush":2,"minecraft:snowball":3,"minecraft:mutton":5,"alexsmobs:flying_fish":1,"minecraft:white_wool":4,"minecraft:cobblestone":45,"minecraft:magma_block":5,"minecraft:feather":9,"minecraft:repeater":32,"minecraft:glow_ink_sac":1,"minecraft:andesite":1,"minecraft:jungle_log":24,"minecraft:leather":8,"minecraft:smoker":1,"minecraft:birch_planks":8,"minecraft:flint":21,"supplementaries:flax_seeds":2,"minecraft:yellow_bed":5,"mowziesmobs:wrought_axe":1,"minecraft:dirt":15,"minecraft:lantern":1,"naturalist:bass":1,"minecraft:bone":2,"minecraft:acacia_planks":8,"minecraft:wheat_seeds":110,"minecraft:raw_gold":4,"luminousworld:elephant_grass":3,"minecraft:iron_ingot":8,"minecraft:cooked_chicken":2,"minecraft:bamboo":2,"minecraft:acacia_sapling":1,"minecraft:oak_planks":6,"iceandfire:copper_nugget":6,"minecraft:chiseled_stone_bricks":2,"luminousworld:creepberries":4,"minecraft:gravel":128,"minecraft:dandelion":1,"iceandfire:shiny_scales":7,"minecraft:sand":35,"minecraft:jungle_planks":3,"minecraft:bundle":1,"mowziesmobs:wrought_helmet":1,"minecraft:blast_furnace":1,"minecraft:nether_brick_slab":1,"minecraft:dead_bush":1,"minecraft:mossy_cobblestone":1,"minecraft:iron_hoe":1,"alexsmobs:raw_catfish":2,"iceandfire:cockatrice_skull":1,"minecraft:honey_block":57,"minecraft:chainmail_leggings":1,"minecraft:iron_helmet":4,"minecraft:oak_sapling":1,"minecraft:spruce_sign":1,"minecraft:baked_potato":1,"minecraft:emerald":4,"born_in_chaos_v1:rotten_fish":2,"minecraft:netherrack":12,"minecraft:coal":17,"iceandfire:raw_silver":10},"minecraft:dropped":{"minecraft:iron_ingot":11,"minecraft:spruce_sign":1,"minecraft:bread":1,"minecraft:iron_sword":1,"minecraft:porkchop":2,"minecraft:birch_planks":8,"minecraft:wheat_seeds":47,"minecraft:glow_ink_sac":1,"minecraft:glass_bottle":1,"minecraft:yellow_terracotta":1,"minecraft:prismarine_crystals":4,"minecraft:iron_helmet":3,"minecraft:feather":9,"minecraft:cobblestone":1,"minecraft:jungle_planks":3,"minecraft:spruce_stairs":2,"minecraft:item_frame":1,"alexsmobs:raw_catfish":2,"minecraft:emerald":1,"minecraft:stick":6,"minecraft:flint":3,"minecraft:cobweb":1,"minecraft:dirt":1,"minecraft:stone_button":2,"minecraft:diorite":7,"iceandfire:copper_nugget":6,"minecraft:snowball":3,"tombstone:grave_dust":1,"minecraft:dead_bush":1,"minecraft:jungle_sapling":2,"mowziesmobs:wrought_helmet":1,"minecraft:iron_axe":1,"minecraft:acacia_door":2,"minecraft:chainmail_leggings":1,"minecraft:string":3,"minecraft:fishing_rod":1,"minecraft:acacia_planks":8,"minecraft:bone":2,"minecraft:dandelion":1,"minecraft:nether_brick_slab":1,"minecraft:stone_axe":1,"minecraft:iron_nugget":7,"minecraft:stone_sword":1,"alexsmobs:animal_dictionary":1,"minecraft:wheat":7,"born_in_chaos_v1:rotten_fish":2,"minecraft:rotten_flesh":6,"luminousworld:tall_deadbush":2,"aether:leather_gloves":1,"minecraft:oak_planks":6,"sophisticatedbackpacks:backpack":1,"minecraft:chiseled_stone_bricks":2,"supplementaries:flax_seeds":2,"minecraft:flower_pot":1,"alexscaves:cooked_radgill":1,"minecraft:spruce_planks":1,"minecraft:andesite":1,"minecraft:oak_sapling":1,"minecraft:acacia_sapling":1,"ecologics:coconut_husk":5,"iceandfire:bestiary":1,"minecraft:redstone_torch":1,"minecraft:stone_pressure_plate":1,"luminousworld:elephant_grass":3,"minecraft:red_nether_bricks":5,"minecraft:stone_pickaxe":1,"minecraft:magma_block":5,"minecraft:cartography_table":1,"minecraft:netherrack":12,"iceandfire:manuscript":8}},"DataVersion":3465}