{"stats":{"minecraft:dropped":{"minecraft:spruce_sign":1,"minecraft:iron_sword":1,"minecraft:porkchop":2,"minecraft:birch_planks":8,"minecraft:glow_ink_sac":1,"minecraft:glass_bottle":1,"minecraft:jungle_planks":3,"minecraft:emerald":1,"minecraft:item_frame":1,"minecraft:flint":3,"minecraft:dirt":1,"minecraft:stone_button":2,"minecraft:snowball":3,"minecraft:jungle_sapling":2,"minecraft:acacia_door":2,"minecraft:fishing_rod":1,"minecraft:bone":2,"minecraft:stone_axe":1,"minecraft:iron_nugget":7,"alexsmobs:animal_dictionary":1,"minecraft:wheat":7,"minecraft:rotten_flesh":6,"minecraft:oak_planks":6,"luminousworld:tall_deadbush":2,"aether:leather_gloves":1,"minecraft:chiseled_stone_bricks":2,"supplementaries:flax_seeds":2,"ecologics:coconut_husk":5,"iceandfire:bestiary":1,"minecraft:acacia_sapling":1,"minecraft:red_nether_bricks":5,"minecraft:cartography_table":1,"minecraft:netherrack":12,"iceandfire:manuscript":8,"minecraft:iron_ingot":11,"minecraft:bread":1,"minecraft:wheat_seeds":47,"minecraft:feather":9,"minecraft:iron_helmet":3,"minecraft:yellow_terracotta":1,"minecraft:cobblestone":1,"minecraft:prismarine_crystals":4,"minecraft:spruce_stairs":2,"alexsmobs:raw_catfish":2,"minecraft:stick":6,"minecraft:cobweb":1,"minecraft:diorite":7,"iceandfire:copper_nugget":6,"tombstone:grave_dust":1,"minecraft:dead_bush":1,"mowziesmobs:wrought_helmet":1,"minecraft:iron_axe":1,"minecraft:chainmail_leggings":1,"minecraft:string":3,"minecraft:acacia_planks":8,"minecraft:dandelion":1,"minecraft:nether_brick_slab":1,"minecraft:stone_sword":1,"born_in_chaos_v1:rotten_fish":2,"sophisticatedbackpacks:backpack":1,"minecraft:flower_pot":1,"alexscaves:cooked_radgill":1,"minecraft:spruce_planks":1,"minecraft:andesite":1,"minecraft:oak_sapling":1,"minecraft:redstone_torch":1,"minecraft:stone_pressure_plate":1,"luminousworld:elephant_grass":3,"minecraft:stone_pickaxe":1,"minecraft:magma_block":5},"minecraft:mined":{"minecraft:spruce_planks":2,"iceandfire:copper_pile":1,"minecraft:red_nether_bricks":5,"minecraft:grass_block":5,"minecraft:jungle_log":24,"luminousworld:savanna_grass_2":10,"minecraft:chiseled_stone_bricks":2,"minecraft:spawner":1,"minecraft:tall_seagrass":1,"minecraft:magma_block":6,"minecraft:iron_ore":22,"minecraft:player_head":1,"minecraft:orange_bed":1,"luminousworld:creepbush":4,"luminousworld:tall_deadbush":1,"minecraft:smoker":1,"minecraft:blast_furnace":1,"minecraft:nether_brick_slab":1,"minecraft:cobblestone":5,"minecraft:oak_planks":6,"minecraft:repeater":32,"minecraft:tnt":5,"minecraft:grass":7,"minecraft:sand":36,"minecraft:dirt":13,"minecraft:netherrack":22,"luminousworld:savannah_grass_4":7,"minecraft:oak_leaves":6,"iceandfire:chared_stone":5,"minecraft:diamond_ore":1,"iceandfire:silver_ore":12,"minecraft:mossy_cobblestone":2,"minecraft:jungle_planks":2,"minecraft:redstone_wire":28,"quark:jungle_chest":1,"minecraft:spruce_leaves":1,"minecraft:hay_block":134,"minecraft:furnace":1,"minecraft:andesite":1,"minecraft:packed_ice":30,"minecraft:stone":40,"minecraft:oak_slab":1,"luminousworld:savannah_soil":1,"luminousworld:blueberrybush":1,"minecraft:crafting_table":3,"luminousworld:savannah_grass_1":5,"minecraft:honey_block":41,"supplementaries:urn":4,"minecraft:spruce_stairs":5,"minecraft:yellow_bed":5,"minecraft:coal_ore":1,"minecraft:gravel":148,"minecraft:cobweb":6,"luminousworld:elephant_grass":2},"minecraft:killed":{"illagerinvasion:archivist":1,"minecraft:spider":1,"creeperoverhaul:bamboo_creeper":1,"illagerinvasion:basher":1,"minecraft:skeleton":2,"illagerinvasion:provoker":1,"minecraft:silverfish":1,"ecologics:coconut_crab":1,"artifacts:mimic":1,"illagerinvasion:necromancer":1,"born_in_chaos_v1:bonescaller":1,"minecraft:pig":1,"minecraft:creeper":2,"iceandfire:cockatrice":1,"minecraft:sheep":4,"minecraft:zombie":6,"alexsmobs:terrapin":1,"born_in_chaos_v1:corpse_fly":1,"minecraft:glow_squid":1,"iceandfire:lightning_dragon":1,"luminousworld:frostbitten_zombie":1,"minecraft:evoker":3,"born_in_chaos_v1:zombie_clown_not_despawn":1,"alexsmobs:tiger":1,"enemyexpansion:intruder":1,"minecraft:vindicator":2,"illagerinvasion:marauder":1,"quark:toretoise":1,"enemyexpansion:direwolf":1,"iceandfire:fire_dragon":1,"iceandfire:siren":3,"enemyexpansion:silverqueen":1,"naturalist:bass":1,"born_in_chaos_v1:corpse_fish":2,"luminousworld:savannah_zombie":1,"mowziesmobs:umvuthana":3,"minecraft:bat":1,"enemyexpansion:sprinter":1,"born_in_chaos_v1:decrepit_skeleton":1,"alexsmobs:emu":1,"alexsmobs:catfish":1,"undead_revamp2:thesomnolence":2},"minecraft:custom":{"minecraft:interact_with_crafting_table":22,"minecraft:open_barrel":18,"minecraft:leave_game":7,"minecraft:time_since_death":100652,"minecraft:sprint_one_cm":899212,"minecraft:damage_blocked_by_shield":401,"minecraft:drop":91,"minecraft:talked_to_villager":1,"minecraft:play_time":424948,"minecraft:deaths":25,"minecraft:jump":4367,"minecraft:walk_on_water_one_cm":98033,"minecraft:interact_with_furnace":5,"minecraft:sleep_in_bed":16,"minecraft:damage_dealt":18092,"minecraft:player_kills":1,"minecraft:crouch_one_cm":7249,"tombstone:undead_killed":14,"minecraft:interact_with_smoker":1,"minecraft:mob_kills":71,"minecraft:damage_dealt_resisted":211,"minecraft:climb_one_cm":5304,"minecraft:walk_one_cm":430042,"minecraft:sneak_time":8245,"minecraft:walk_under_water_one_cm":75810,"minecraft:boat_one_cm":84330,"minecraft:interact_with_blast_furnace":5,"minecraft:total_world_time":424948,"tombstone:raider_killed":10,"minecraft:time_since_rest":27746,"minecraft:damage_taken":2147483647,"minecraft:damage_absorbed":120,"minecraft:trigger_trapped_chest":1,"tombstone:cast_on_ally":0,"minecraft:swim_one_cm":231591,"minecraft:fly_one_cm":4709553,"minecraft:open_chest":79,"minecraft:fall_one_cm":122081},"minecraft:crafted":{"minecraft:glass":12,"minecraft:bow":1,"minecraft:iron_boots":1,"minecraft:chest":2,"minecraft:glass_bottle":6,"sophisticatedbackpacks:backpack":2,"minecraft:crafting_table":6,"minecraft:jungle_boat":2,"minecraft:string":8,"minecraft:iron_chestplate":1,"minecraft:shield":1,"minecraft:stick":13,"minecraft:iron_ingot":13,"minecraft:iron_pickaxe":1,"quark:jungle_chest":3,"minecraft:wheat":270,"minecraft:iron_sword":1,"minecraft:stone_axe":1,"minecraft:bread":110,"minecraft:air":0,"minecraft:jungle_planks":92,"minecraft:iron_shovel":1,"minecraft:iron_leggings":1},"minecraft:killed_by":{"iceandfire:cyclops":1,"illagerinvasion:basher":4,"mowziesmobs:umvuthi":1,"minecraft:vindicator":5,"minecraft:player":2,"mowziesmobs:ferrous_wroughtnaut":2,"iceandfire:gorgon":1,"minecraft:skeleton":1,"iceandfire:lightning_dragon":2,"iceandfire:ghost":1,"iceandfire:cockatrice":1},"minecraft:picked_up":{"minecraft:iron_chestplate":1,"minecraft:wheat":67,"minecraft:flower_pot":1,"minecraft:prismarine_shard":4,"minecraft:diamond_sword":1,"born_in_chaos_v1:black_argillite":1,"minecraft:string":7,"minecraft:raw_copper":35,"minecraft:red_nether_bricks":5,"minecraft:iron_leggings":1,"minecraft:gold_nugget":62,"earthmobsmod:duck_egg":1,"minecraft:spruce_planks":1,"minecraft:redstone_torch":1,"minecraft:iron_pickaxe":1,"minecraft:furnace":1,"minecraft:iron_boots":1,"minecraft:stick":2,"minecraft:spruce_stairs":4,"luminousworld:savannah_soil":10,"minecraft:porkchop":2,"tombstone:grave_dust":9,"minecraft:diorite":7,"minecraft:orange_bed":1,"minecraft:rotten_flesh":9,"iceandfire:fire_dragon_heart":1,"alexsmobs:emu_egg":1,"luminousworld:tall_deadbush":2,"minecraft:obsidian":5,"minecraft:snowball":3,"alexsmobs:flying_fish":2,"minecraft:cobblestone":75,"minecraft:magma_block":5,"minecraft:feather":9,"minecraft:repeater":32,"minecraft:andesite":1,"minecraft:water_bucket":1,"minecraft:jungle_log":24,"minecraft:smoker":1,"minecraft:flint":42,"supplementaries:flax_seeds":2,"minecraft:dirt":15,"minecraft:lantern":1,"minecraft:glass":6,"minecraft:bone":2,"minecraft:acacia_planks":8,"minecraft:bow":1,"minecraft:wheat_seeds":110,"minecraft:raw_gold":4,"luminousworld:elephant_grass":3,"minecraft:bamboo":2,"minecraft:oak_planks":6,"luminousworld:creepberries":4,"iceandfire:dragon_skull_fire":1,"iceandfire:shiny_scales":7,"minecraft:jungle_planks":35,"minecraft:sand":35,"minecraft:dead_bush":1,"minecraft:mossy_cobblestone":1,"minecraft:bundle":1,"minecraft:iron_hoe":3,"minecraft:diamond":1,"minecraft:spruce_sign":1,"minecraft:emerald":4,"minecraft:oak_sapling":1,"born_in_chaos_v1:rotten_fish":2,"minecraft:netherrack":12,"iceandfire:raw_silver":13,"minecraft:fishing_rod":1,"iceandfire:dragon_skull_lightning":1,"luminousworld:groundpebbles_1":2,"minecraft:crafting_table":3,"minecraft:shield":1,"aether:leather_gloves":2,"minecraft:iron_axe":1,"minecraft:acacia_door":2,"minecraft:item_frame":1,"born_in_chaos_v1:intoxicating_decoction":1,"minecraft:iron_shovel":1,"minecraft:cartography_table":1,"minecraft:player_head":2,"minecraft:jungle_sapling":2,"minecraft:iron_nugget":7,"minecraft:raw_iron":20,"iceandfire:dragonbone":56,"ecologics:coconut_slice":15,"minecraft:copper_ingot":16,"quark:jungle_chest":1,"sophisticatedbackpacks:backpack":1,"minecraft:stone_button":2,"minecraft:redstone":54,"minecraft:prismarine_crystals":8,"minecraft:stone_pressure_plate":1,"minecraft:tnt":5,"minecraft:arrow":99,"minecraft:hay_block":131,"artifacts:running_shoes":1,"minecraft:yellow_terracotta":1,"minecraft:totem_of_undying":3,"minecraft:mutton":5,"minecraft:white_wool":4,"minecraft:jungle_boat":5,"minecraft:glow_ink_sac":1,"luminousworld:ishstone":15,"minecraft:leather":8,"minecraft:birch_planks":8,"minecraft:yellow_bed":5,"mowziesmobs:wrought_axe":2,"naturalist:bass":1,"minecraft:iron_ingot":8,"minecraft:cooked_chicken":2,"minecraft:glass_bottle":2,"iceandfire:fire_dragon_flesh":12,"minecraft:acacia_sapling":1,"iceandfire:chared_stone":5,"iceandfire:copper_nugget":6,"minecraft:chiseled_stone_bricks":2,"minecraft:dandelion":1,"minecraft:gravel":208,"mowziesmobs:wrought_helmet":1,"minecraft:blast_furnace":1,"minecraft:nether_brick_slab":1,"alexsmobs:raw_catfish":2,"iceandfire:cockatrice_skull":1,"minecraft:honey_block":57,"minecraft:chainmail_leggings":1,"minecraft:iron_helmet":5,"minecraft:baked_potato":2,"minecraft:coal":19},"minecraft:used":{"minecraft:iron_shovel":150,"born_in_chaos_v1:intoxicating_decoction":1,"minecraft:shield":50,"minecraft:iron_sword":59,"minecraft:player_head":2,"minecraft:jungle_planks":1,"minecraft:honey_block":1,"minecraft:bow":184,"minecraft:furnace":1,"minecraft:stone_pickaxe":79,"minecraft:jungle_boat":7,"minecraft:golden_apple":3,"minecraft:sand":21,"minecraft:blast_furnace":1,"luminousworld:creepberries":4,"minecraft:bread":115,"minecraft:gravel":66,"ecologics:coconut_slice":5,"minecraft:diamond_sword":269,"minecraft:cobweb":6,"minecraft:stone_sword":91,"quark:jungle_chest":1,"minecraft:cooked_chicken":1,"minecraft:orange_bed":1,"minecraft:dirt":9,"minecraft:iron_hoe":57,"minecraft:iron_axe":12,"minecraft:jungle_log":1,"tombstone:gift":3,"naturalist:bass":1,"minecraft:water_bucket":4,"minecraft:birch_planks":8,"minecraft:crafting_table":9,"mowziesmobs:wrought_axe":136,"minecraft:diamond_pickaxe":7,"iceandfire:dragonbone_bow":1,"minecraft:iron_pickaxe":109,"minecraft:stone_axe":46,"minecraft:cobblestone":24,"minecraft:potion":1,"minecraft:bucket":2,"minecraft:yellow_bed":5,"alexsmobs:animal_dictionary":2},"minecraft:broken":{"minecraft:iron_boots":1,"minecraft:iron_leggings":1,"minecraft:iron_helmet":1}},"DataVersion":3465}