{"stats":{"minecraft:crafted":{"minecraft:crafting_table":1,"minecraft:stone_axe":1,"minecraft:bread":52,"minecraft:bow":1,"minecraft:stick":4,"minecraft:wheat":99},"minecraft:killed_by":{"iceandfire:gorgon":1,"minecraft:skeleton":1,"iceandfire:cockatrice":1},"minecraft:custom":{"minecraft:mob_kills":10,"minecraft:interact_with_crafting_table":4,"minecraft:open_barrel":4,"minecraft:leave_game":4,"minecraft:time_since_death":13842,"minecraft:sleep_in_bed":1,"minecraft:climb_one_cm":1969,"minecraft:time_since_rest":13767,"minecraft:sprint_one_cm":189432,"minecraft:damage_taken":2147483647,"minecraft:walk_one_cm":80389,"minecraft:drop":15,"minecraft:damage_dealt":1470,"minecraft:talked_to_villager":1,"minecraft:swim_one_cm":67989,"minecraft:fly_one_cm":201118,"minecraft:open_chest":10,"minecraft:crouch_one_cm":205,"minecraft:play_time":100612,"minecraft:deaths":4,"minecraft:sneak_time":176,"minecraft:walk_under_water_one_cm":12960,"minecraft:jump":931,"minecraft:walk_on_water_one_cm":14410,"minecraft:interact_with_smoker":1,"minecraft:total_world_time":100612,"minecraft:fall_one_cm":22643},"minecraft:used":{"naturalist:bass":1,"minecraft:stone_sword":59,"minecraft:stone_pickaxe":56,"minecraft:crafting_table":3,"luminousworld:creepberries":2,"minecraft:bread":10,"minecraft:stone_axe":45,"minecraft:cobblestone":3,"tombstone:gift":1,"minecraft:cobweb":6},"minecraft:mined":{"minecraft:spruce_planks":2,"iceandfire:copper_pile":1,"minecraft:smoker":1,"minecraft:red_nether_bricks":5,"minecraft:crafting_table":3,"luminousworld:savannah_grass_1":4,"minecraft:blast_furnace":1,"minecraft:jungle_log":24,"minecraft:nether_brick_slab":1,"minecraft:oak_planks":4,"luminousworld:savanna_grass_2":7,"minecraft:hay_block":27,"minecraft:spruce_stairs":3,"minecraft:magma_block":6,"minecraft:furnace":1,"minecraft:yellow_bed":1,"minecraft:grass":3,"minecraft:coal_ore":1,"minecraft:cobweb":5,"luminousworld:elephant_grass":2,"minecraft:netherrack":18,"luminousworld:savannah_grass_4":3,"minecraft:oak_leaves":2,"luminousworld:creepbush":4},"minecraft:killed":{"iceandfire:cockatrice":1,"creeperoverhaul:bamboo_creeper":1,"alexsmobs:emu":1,"minecraft:sheep":4,"alexsmobs:catfish":1,"alexsmobs:terrapin":1,"naturalist:bass":1},"minecraft:picked_up":{"minecraft:magma_block":5,"minecraft:crafting_table":3,"minecraft:wheat":64,"minecraft:feather":2,"minecraft:jungle_log":22,"minecraft:smoker":1,"minecraft:yellow_bed":1,"minecraft:string":5,"minecraft:red_nether_bricks":5,"naturalist:bass":1,"minecraft:wheat_seeds":108,"earthmobsmod:duck_egg":1,"minecraft:spruce_planks":1,"luminousworld:elephant_grass":2,"minecraft:cooked_chicken":2,"minecraft:bamboo":2,"minecraft:oak_planks":4,"minecraft:furnace":1,"iceandfire:copper_nugget":6,"luminousworld:creepberries":4,"minecraft:spruce_stairs":2,"minecraft:blast_furnace":1,"minecraft:nether_brick_slab":1,"minecraft:stone_pressure_plate":1,"alexsmobs:raw_catfish":2,"iceandfire:cockatrice_skull":1,"minecraft:hay_block":26,"alexsmobs:emu_egg":1,"minecraft:netherrack":12,"minecraft:mutton":5,"minecraft:coal":12,"minecraft:white_wool":4},"minecraft:dropped":{"minecraft:nether_brick_slab":1,"minecraft:wheat_seeds":45,"minecraft:feather":2,"minecraft:oak_planks":4,"minecraft:spruce_stairs":2,"minecraft:cobweb":1,"iceandfire:copper_nugget":6,"minecraft:spruce_planks":1,"tombstone:grave_dust":1,"minecraft:stone_pressure_plate":1,"minecraft:red_nether_bricks":5,"luminousworld:elephant_grass":2,"minecraft:magma_block":5,"minecraft:netherrack":12,"iceandfire:manuscript":2}},"DataVersion":3465}