{"stats":{"minecraft:crafted":{"minecraft:crafting_table":1,"minecraft:iron_sword":1,"minecraft:stone_axe":1,"minecraft:bread":52,"minecraft:bow":1,"minecraft:iron_chestplate":1,"minecraft:stick":5,"minecraft:iron_leggings":1,"minecraft:wheat":99},"minecraft:killed_by":{"minecraft:vindicator":5,"iceandfire:gorgon":1,"minecraft:player":1,"illagerinvasion:basher":4,"minecraft:skeleton":1,"iceandfire:cockatrice":1},"minecraft:custom":{"minecraft:mob_kills":22,"tombstone:raider_killed":9,"minecraft:interact_with_crafting_table":6,"minecraft:open_barrel":4,"minecraft:leave_game":4,"minecraft:time_since_death":2915,"minecraft:sleep_in_bed":1,"minecraft:climb_one_cm":1969,"minecraft:time_since_rest":2345,"minecraft:damage_absorbed":40,"minecraft:sprint_one_cm":230621,"minecraft:damage_taken":2147483647,"minecraft:walk_one_cm":122476,"minecraft:drop":17,"minecraft:damage_dealt":4751,"minecraft:talked_to_villager":1,"minecraft:swim_one_cm":72250,"minecraft:fly_one_cm":235750,"minecraft:open_chest":22,"minecraft:crouch_one_cm":615,"minecraft:play_time":112612,"minecraft:deaths":14,"minecraft:sneak_time":452,"minecraft:walk_under_water_one_cm":15281,"minecraft:jump":1084,"minecraft:walk_on_water_one_cm":23958,"minecraft:interact_with_smoker":1,"minecraft:total_world_time":112612,"minecraft:fall_one_cm":24362},"minecraft:used":{"naturalist:bass":1,"minecraft:stone_sword":91,"minecraft:stone_pickaxe":60,"minecraft:iron_sword":40,"minecraft:golden_apple":1,"minecraft:crafting_table":4,"luminousworld:creepberries":2,"minecraft:bread":19,"minecraft:stone_axe":46,"minecraft:cobblestone":3,"minecraft:bow":3,"tombstone:gift":1,"minecraft:cobweb":6},"minecraft:mined":{"minecraft:spruce_planks":2,"iceandfire:copper_pile":1,"minecraft:smoker":1,"minecraft:red_nether_bricks":5,"minecraft:crafting_table":3,"luminousworld:savannah_grass_1":4,"minecraft:blast_furnace":1,"minecraft:jungle_planks":2,"minecraft:jungle_log":24,"minecraft:nether_brick_slab":1,"minecraft:cobblestone":2,"minecraft:oak_planks":4,"supplementaries:urn":2,"minecraft:chiseled_stone_bricks":2,"luminousworld:savanna_grass_2":7,"minecraft:hay_block":27,"minecraft:spruce_stairs":3,"minecraft:magma_block":6,"minecraft:furnace":1,"minecraft:yellow_bed":1,"minecraft:grass":3,"minecraft:coal_ore":1,"minecraft:cobweb":5,"luminousworld:elephant_grass":2,"minecraft:netherrack":18,"luminousworld:savannah_grass_4":3,"minecraft:oak_leaves":2,"luminousworld:creepbush":4},"minecraft:killed":{"illagerinvasion:archivist":1,"illagerinvasion:necromancer":1,"minecraft:evoker":2,"minecraft:vindicator":2,"illagerinvasion:marauder":1,"illagerinvasion:basher":1,"iceandfire:cockatrice":1,"creeperoverhaul:bamboo_creeper":1,"alexsmobs:emu":1,"minecraft:sheep":4,"alexsmobs:catfish":1,"alexsmobs:terrapin":1,"naturalist:bass":1,"illagerinvasion:provoker":1},"minecraft:picked_up":{"minecraft:magma_block":5,"minecraft:crafting_table":3,"minecraft:wheat":64,"minecraft:feather":2,"minecraft:jungle_log":22,"minecraft:smoker":1,"supplementaries:flax_seeds":1,"minecraft:yellow_bed":1,"minecraft:string":5,"minecraft:iron_axe":1,"minecraft:red_nether_bricks":5,"naturalist:bass":1,"minecraft:wheat_seeds":108,"earthmobsmod:duck_egg":1,"minecraft:spruce_planks":1,"minecraft:iron_ingot":6,"luminousworld:elephant_grass":2,"minecraft:cooked_chicken":2,"minecraft:iron_nugget":7,"minecraft:bamboo":2,"minecraft:oak_planks":4,"minecraft:furnace":1,"iceandfire:copper_nugget":6,"minecraft:chiseled_stone_bricks":2,"luminousworld:creepberries":4,"minecraft:spruce_stairs":2,"minecraft:jungle_planks":3,"minecraft:blast_furnace":1,"minecraft:nether_brick_slab":1,"minecraft:stone_pressure_plate":1,"alexsmobs:raw_catfish":2,"minecraft:arrow":4,"iceandfire:cockatrice_skull":1,"minecraft:hay_block":26,"alexsmobs:emu_egg":1,"minecraft:emerald":3,"minecraft:totem_of_undying":2,"minecraft:netherrack":12,"minecraft:mutton":5,"minecraft:coal":13,"minecraft:white_wool":4},"minecraft:dropped":{"minecraft:nether_brick_slab":1,"minecraft:wheat_seeds":45,"minecraft:stone_sword":1,"minecraft:feather":2,"minecraft:oak_planks":4,"minecraft:spruce_stairs":2,"minecraft:chiseled_stone_bricks":2,"minecraft:cobweb":1,"iceandfire:copper_nugget":6,"minecraft:spruce_planks":1,"tombstone:grave_dust":1,"minecraft:stone_pressure_plate":1,"minecraft:red_nether_bricks":5,"luminousworld:elephant_grass":2,"minecraft:magma_block":5,"minecraft:netherrack":12,"iceandfire:manuscript":2}},"DataVersion":3465}