{"stats":{"minecraft:crafted":{"minecraft:crafting_table":1,"minecraft:stick":4,"minecraft:stone_axe":1,"minecraft:bread":52,"minecraft:wheat":99},"minecraft:custom":{"minecraft:time_since_rest":349,"minecraft:sprint_one_cm":72155,"minecraft:damage_taken":500,"minecraft:walk_one_cm":39489,"minecraft:mob_kills":3,"minecraft:damage_dealt":465,"minecraft:interact_with_crafting_table":3,"minecraft:swim_one_cm":35778,"minecraft:fly_one_cm":61644,"minecraft:open_chest":2,"minecraft:crouch_one_cm":205,"minecraft:play_time":76802,"minecraft:deaths":1,"minecraft:sneak_time":85,"minecraft:walk_under_water_one_cm":10022,"minecraft:jump":294,"minecraft:leave_game":3,"minecraft:walk_on_water_one_cm":7423,"minecraft:time_since_death":13564,"minecraft:sleep_in_bed":1,"minecraft:climb_one_cm":1812,"minecraft:total_world_time":76802,"minecraft:fall_one_cm":6656},"minecraft:used":{"luminousworld:creepberries":2,"naturalist:bass":1,"minecraft:stone_sword":20,"minecraft:stone_pickaxe":24,"minecraft:stone_axe":34,"minecraft:crafting_table":2,"tombstone:gift":1},"minecraft:mined":{"minecraft:hay_block":11,"minecraft:magma_block":6,"minecraft:crafting_table":2,"minecraft:grass":2,"minecraft:jungle_log":24,"minecraft:netherrack":18,"minecraft:oak_leaves":2,"luminousworld:savanna_grass_2":1,"luminousworld:creepbush":4},"minecraft:killed":{"alexsmobs:terrapin":1,"naturalist:bass":1,"creeperoverhaul:bamboo_creeper":1},"minecraft:picked_up":{"minecraft:crafting_table":2,"minecraft:magma_block":5,"minecraft:wheat":59,"minecraft:jungle_log":22,"luminousworld:creepberries":4,"naturalist:bass":1,"minecraft:wheat_seeds":105,"minecraft:hay_block":12,"minecraft:bamboo":2,"minecraft:netherrack":12}},"DataVersion":3465}