{"stats":{"minecraft:custom":{"minecraft:jump":23,"minecraft:time_since_rest":23733,"minecraft:leave_game":1,"minecraft:crouch_one_cm":204,"minecraft:sprint_one_cm":2721,"minecraft:play_time":23733,"minecraft:damage_taken":140,"minecraft:time_since_death":23733,"minecraft:walk_one_cm":2155,"minecraft:sneak_time":29,"minecraft:total_world_time":23733,"minecraft:fall_one_cm":538,"minecraft:drop":1,"minecraft:fly_one_cm":6400},"minecraft:used":{"minecraft:dirt":4,"minecraft:sand":4},"minecraft:mined":{"minecraft:sand":2},"minecraft:picked_up":{"minecraft:sand":34,"minecraft:sandstone":27,"minecraft:dirt":9},"minecraft:dropped":{"alexsmobs:animal_dictionary":1}},"DataVersion":3465}