{"stats":{"minecraft:custom":{"minecraft:time_since_rest":34308,"minecraft:crouch_one_cm":474,"minecraft:sprint_one_cm":4120,"minecraft:play_time":34308,"tombstone:undead_killed":1,"minecraft:damage_taken":215,"minecraft:walk_one_cm":7262,"minecraft:sneak_time":61,"minecraft:mob_kills":2,"minecraft:drop":1,"minecraft:jump":53,"minecraft:damage_dealt":271,"minecraft:leave_game":2,"minecraft:time_since_death":34308,"minecraft:total_world_time":34308,"minecraft:fall_one_cm":749,"minecraft:fly_one_cm":8331},"minecraft:used":{"minecraft:dirt":4,"minecraft:sand":4},"minecraft:mined":{"minecraft:sand":2},"minecraft:picked_up":{"minecraft:sandstone":27,"minecraft:bone":2,"minecraft:sand":34,"minecraft:dirt":9,"minecraft:string":2},"minecraft:dropped":{"alexsmobs:animal_dictionary":1},"minecraft:killed":{"minecraft:spider":1,"born_in_chaos_v1:decrepit_skeleton":1}},"DataVersion":3465}