{"stats":{"minecraft:custom":{"minecraft:jump":21,"minecraft:time_since_rest":5712,"minecraft:crouch_one_cm":106,"minecraft:sprint_one_cm":2507,"minecraft:play_time":5712,"minecraft:damage_taken":140,"minecraft:time_since_death":5712,"minecraft:walk_one_cm":1228,"minecraft:sneak_time":18,"minecraft:total_world_time":5712,"minecraft:fall_one_cm":538,"minecraft:drop":1,"minecraft:fly_one_cm":2187},"minecraft:used":{"minecraft:dirt":4,"minecraft:sand":4},"minecraft:mined":{"minecraft:sand":2},"minecraft:picked_up":{"minecraft:sand":34,"minecraft:sandstone":27,"minecraft:dirt":9},"minecraft:dropped":{"alexsmobs:animal_dictionary":1}},"DataVersion":3465}