{"stats":{"minecraft:custom":{"minecraft:mob_kills":15,"minecraft:interact_with_crafting_table":5,"minecraft:open_barrel":14,"minecraft:leave_game":3,"minecraft:time_since_death":559,"minecraft:climb_one_cm":1808,"minecraft:time_since_rest":1,"minecraft:sprint_one_cm":142559,"minecraft:damage_taken":1679,"minecraft:walk_one_cm":121579,"minecraft:trigger_trapped_chest":2,"minecraft:drop":14,"minecraft:damage_dealt":2664,"minecraft:swim_one_cm":2532,"minecraft:fly_one_cm":166410,"minecraft:open_chest":4,"minecraft:crouch_one_cm":532,"minecraft:play_time":81901,"tombstone:undead_killed":4,"minecraft:deaths":5,"minecraft:sneak_time":1038,"minecraft:walk_under_water_one_cm":17295,"minecraft:jump":926,"minecraft:walk_on_water_one_cm":6540,"minecraft:total_world_time":81901,"minecraft:fall_one_cm":28807},"minecraft:used":{"minecraft:stone_sword":41,"minecraft:stone_pickaxe":22,"minecraft:oak_planks":6,"minecraft:wooden_pickaxe":12,"minecraft:iron_sword":19,"minecraft:dirt":4,"minecraft:sand":9,"minecraft:crafting_table":1,"minecraft:mushroom_stew":7,"iceandfire:spawn_egg_fire_dragon":1,"minecraft:melon_slice":5,"minecraft:stone_axe":132,"minecraft:diamond_sword":9,"tombstone:gift":1,"iceandfire:dragonegg_red":1},"minecraft:mined":{"minecraft:dark_oak_planks":1,"minecraft:mossy_cobblestone":3,"minecraft:dark_oak_leaves":1,"minecraft:dark_oak_log":15,"minecraft:grass_block":3,"minecraft:melon":9,"minecraft:mushroom_stem":6,"luminousworld:grassvariant_2":1,"minecraft:brown_mushroom_block":40,"minecraft:oak_planks":5,"luminousworld:decorative_red_2":1,"minecraft:sandstone":2,"minecraft:tall_seagrass":1,"minecraft:birch_log":2,"minecraft:iron_ore":3,"minecraft:grass":4,"minecraft:oak_log":30,"minecraft:coal_ore":6,"minecraft:vine":1,"minecraft:sand":7,"minecraft:dirt":2,"minecraft:cobweb":1,"minecraft:red_mushroom_block":37,"minecraft:stone":14,"minecraft:oak_leaves":7,"minecraft:fern":3},"minecraft:crafted":{"minecraft:oak_planks":12,"minecraft:crafting_table":2,"minecraft:wooden_pickaxe":1,"minecraft:bowl":4,"minecraft:mushroom_stew":7,"minecraft:birch_planks":8,"minecraft:stone_axe":1,"minecraft:stick":8,"minecraft:stone_pickaxe":1,"minecraft:stone_sword":1,"minecraft:dark_oak_planks":4},"minecraft:killed_by":{"minecraft:husk":1,"minecraft:skeleton":1,"minecraft:spider":1,"iceandfire:ghost":1,"iceandfire:myrmex_sentinel":1},"minecraft:picked_up":{"minecraft:birch_log":2,"minecraft:charcoal":3,"minecraft:cooked_beef":1,"minecraft:chicken":3,"minecraft:leather":3,"minecraft:brown_mushroom":11,"minecraft:red_mushroom":7,"minecraft:oak_log":29,"minecraft:dirt":17,"minecraft:string":3,"naturalist:bass":1,"minecraft:bone":4,"minecraft:wheat_seeds":3,"minecraft:beef":4,"earthmobsmod:fancy_feather":1,"minecraft:melon_slice":37,"minecraft:oak_planks":5,"minecraft:egg":1,"minecraft:stick":1,"minecraft:raw_iron":3,"minecraft:sandstone":30,"minecraft:sand":54,"minecraft:dark_oak_log":14,"minecraft:dark_oak_planks":1,"minecraft:mossy_cobblestone":1,"iceandfire:dragonegg_red":1,"luminousworld:decorative_red_2":1,"supplementaries:ash":1,"minecraft:oak_sapling":1,"minecraft:mutton":2,"minecraft:coal":5,"minecraft:white_wool":1,"minecraft:cobblestone":14},"minecraft:dropped":{"minecraft:brown_mushroom":4,"alexsmobs:animal_dictionary":1,"minecraft:mossy_cobblestone":1,"minecraft:bowl":4,"minecraft:oak_planks":2,"aether:leather_gloves":1,"minecraft:stick":2,"minecraft:dirt":8,"supplementaries:ash":1,"minecraft:mutton":2,"luminousworld:decorative_red_2":1,"minecraft:wooden_pickaxe":1,"minecraft:white_wool":1,"minecraft:egg":1},"minecraft:broken":{"minecraft:stone_axe":1},"minecraft:killed":{"minecraft:spider":2,"earthmobsmod:cream_cow":1,"born_in_chaos_v1:decrepit_skeleton":1,"minecraft:skeleton":3,"minecraft:sheep":1,"iceandfire:fire_dragon":1,"minecraft:chicken":2,"naturalist:bass":1,"earthmobsmod:fancy_chicken":1}},"DataVersion":3465}