{"stats":{"minecraft:custom":{"minecraft:mob_kills":13,"minecraft:interact_with_crafting_table":5,"minecraft:leave_game":2,"minecraft:time_since_death":2278,"minecraft:climb_one_cm":531,"minecraft:time_since_rest":1758,"minecraft:sprint_one_cm":101326,"minecraft:damage_taken":880,"minecraft:walk_one_cm":103962,"minecraft:drop":2,"minecraft:damage_dealt":1865,"minecraft:swim_one_cm":2532,"minecraft:fly_one_cm":108790,"minecraft:crouch_one_cm":532,"minecraft:play_time":70308,"tombstone:undead_killed":2,"minecraft:deaths":2,"minecraft:sneak_time":218,"minecraft:walk_under_water_one_cm":17295,"minecraft:jump":664,"minecraft:walk_on_water_one_cm":6540,"minecraft:total_world_time":70308,"minecraft:fall_one_cm":17578},"minecraft:used":{"minecraft:stone_sword":34,"minecraft:stone_pickaxe":22,"minecraft:wooden_pickaxe":12,"minecraft:dirt":4,"minecraft:sand":9,"minecraft:crafting_table":1,"minecraft:mushroom_stew":7,"iceandfire:spawn_egg_fire_dragon":1,"minecraft:stone_axe":132,"minecraft:diamond_sword":9,"tombstone:gift":1,"iceandfire:dragonegg_red":1},"minecraft:mined":{"minecraft:mossy_cobblestone":3,"minecraft:dark_oak_leaves":1,"minecraft:dark_oak_log":15,"minecraft:grass_block":3,"minecraft:melon":6,"minecraft:mushroom_stem":6,"luminousworld:grassvariant_2":1,"minecraft:brown_mushroom_block":40,"minecraft:oak_planks":3,"luminousworld:decorative_red_2":1,"minecraft:sandstone":2,"minecraft:tall_seagrass":1,"minecraft:iron_ore":3,"minecraft:birch_log":2,"minecraft:grass":4,"minecraft:oak_log":30,"minecraft:coal_ore":6,"minecraft:sand":7,"minecraft:dirt":2,"minecraft:red_mushroom_block":37,"minecraft:stone":14,"minecraft:oak_leaves":7,"minecraft:fern":2},"minecraft:crafted":{"minecraft:oak_planks":12,"minecraft:crafting_table":2,"minecraft:wooden_pickaxe":1,"minecraft:bowl":4,"minecraft:mushroom_stew":7,"minecraft:birch_planks":8,"minecraft:stone_axe":1,"minecraft:stick":8,"minecraft:stone_pickaxe":1,"minecraft:stone_sword":1,"minecraft:dark_oak_planks":4},"minecraft:killed_by":{"minecraft:spider":1,"iceandfire:myrmex_sentinel":1},"minecraft:picked_up":{"minecraft:birch_log":2,"minecraft:chicken":3,"minecraft:leather":3,"minecraft:brown_mushroom":11,"minecraft:red_mushroom":7,"minecraft:oak_log":29,"minecraft:dirt":17,"minecraft:string":2,"naturalist:bass":1,"minecraft:bone":4,"minecraft:wheat_seeds":2,"minecraft:beef":4,"earthmobsmod:fancy_feather":1,"minecraft:melon_slice":19,"minecraft:oak_planks":3,"minecraft:egg":1,"minecraft:raw_iron":3,"minecraft:stick":1,"minecraft:sandstone":30,"minecraft:sand":54,"minecraft:dark_oak_log":14,"minecraft:mossy_cobblestone":1,"iceandfire:dragonegg_red":1,"luminousworld:decorative_red_2":1,"supplementaries:ash":1,"minecraft:oak_sapling":1,"minecraft:mutton":2,"minecraft:coal":5,"minecraft:white_wool":1,"minecraft:cobblestone":14},"minecraft:dropped":{"alexsmobs:animal_dictionary":1,"luminousworld:decorative_red_2":1},"minecraft:broken":{"minecraft:stone_axe":1},"minecraft:killed":{"minecraft:spider":2,"earthmobsmod:cream_cow":1,"born_in_chaos_v1:decrepit_skeleton":1,"minecraft:sheep":1,"minecraft:skeleton":1,"iceandfire:fire_dragon":1,"minecraft:chicken":2,"naturalist:bass":1,"earthmobsmod:fancy_chicken":1}},"DataVersion":3465}