{"stats":{"minecraft:custom":{"minecraft:time_since_rest":19049,"minecraft:sprint_one_cm":46603,"minecraft:damage_taken":365,"minecraft:walk_one_cm":71076,"minecraft:mob_kills":7,"minecraft:drop":1,"minecraft:damage_dealt":1164,"minecraft:swim_one_cm":2532,"minecraft:interact_with_crafting_table":5,"minecraft:fly_one_cm":38928,"minecraft:crouch_one_cm":532,"minecraft:play_time":58308,"tombstone:undead_killed":2,"minecraft:deaths":1,"minecraft:sneak_time":218,"minecraft:walk_under_water_one_cm":17295,"minecraft:jump":270,"minecraft:leave_game":2,"minecraft:walk_on_water_one_cm":6540,"minecraft:time_since_death":19774,"minecraft:total_world_time":58308,"minecraft:fall_one_cm":5110},"minecraft:used":{"minecraft:stone_sword":5,"minecraft:stone_pickaxe":6,"minecraft:wooden_pickaxe":12,"minecraft:stone_axe":92,"minecraft:diamond_sword":9,"minecraft:dirt":4,"minecraft:sand":9,"minecraft:crafting_table":1,"minecraft:mushroom_stew":3,"tombstone:gift":1,"iceandfire:dragonegg_red":1,"iceandfire:spawn_egg_fire_dragon":1},"minecraft:mined":{"minecraft:tall_seagrass":1,"minecraft:mossy_cobblestone":3,"minecraft:birch_log":2,"minecraft:dark_oak_log":1,"minecraft:coal_ore":2,"minecraft:oak_log":30,"minecraft:dirt":1,"minecraft:sand":7,"minecraft:mushroom_stem":5,"minecraft:brown_mushroom_block":37,"minecraft:red_mushroom_block":18,"minecraft:stone":8,"minecraft:oak_leaves":6,"minecraft:sandstone":2},"minecraft:crafted":{"minecraft:oak_planks":12,"minecraft:crafting_table":2,"minecraft:stick":8,"minecraft:wooden_pickaxe":1,"minecraft:stone_pickaxe":1,"minecraft:stone_sword":1,"minecraft:bowl":4,"minecraft:mushroom_stew":3,"minecraft:dark_oak_planks":4,"minecraft:birch_planks":8,"minecraft:stone_axe":1},"minecraft:killed_by":{"minecraft:spider":1},"minecraft:picked_up":{"minecraft:birch_log":2,"minecraft:stick":1,"minecraft:sandstone":30,"minecraft:brown_mushroom":6,"minecraft:red_mushroom":4,"minecraft:sand":54,"minecraft:oak_log":29,"minecraft:dark_oak_log":1,"minecraft:mossy_cobblestone":1,"minecraft:string":2,"minecraft:dirt":12,"iceandfire:dragonegg_red":1,"naturalist:bass":1,"minecraft:bone":4,"supplementaries:ash":1,"minecraft:oak_sapling":1,"minecraft:mutton":2,"minecraft:coal":1,"minecraft:white_wool":1,"minecraft:cobblestone":8,"minecraft:egg":1},"minecraft:dropped":{"alexsmobs:animal_dictionary":1},"minecraft:killed":{"minecraft:sheep":1,"minecraft:skeleton":1,"iceandfire:fire_dragon":1,"naturalist:bass":1,"minecraft:spider":2,"born_in_chaos_v1:decrepit_skeleton":1}},"DataVersion":3465}