{"stats":{"minecraft:custom":{"minecraft:mob_kills":38,"minecraft:interact_with_crafting_table":8,"minecraft:open_barrel":14,"minecraft:leave_game":3,"minecraft:time_since_death":2690,"minecraft:climb_one_cm":2918,"minecraft:sprint_one_cm":211545,"minecraft:walk_one_cm":181900,"minecraft:drop":22,"minecraft:play_time":105901,"minecraft:deaths":9,"minecraft:sneak_time":1835,"minecraft:walk_under_water_one_cm":17455,"minecraft:jump":1253,"minecraft:walk_on_water_one_cm":7682,"minecraft:total_world_time":105901,"tombstone:raider_killed":14,"minecraft:time_since_rest":1455,"minecraft:damage_taken":3102,"minecraft:damage_absorbed":42,"minecraft:trigger_trapped_chest":2,"minecraft:damage_dealt":7150,"minecraft:swim_one_cm":2532,"minecraft:fly_one_cm":546113,"minecraft:open_chest":26,"minecraft:crouch_one_cm":1997,"tombstone:undead_killed":9,"minecraft:fall_one_cm":32789},"minecraft:used":{"minecraft:stone_sword":41,"minecraft:iron_sword":176,"minecraft:dirt":4,"iceandfire:spawn_egg_fire_dragon":1,"minecraft:stone_bricks":5,"minecraft:bow":3,"tombstone:gift":3,"minecraft:stone_pickaxe":32,"minecraft:oak_planks":6,"minecraft:wooden_pickaxe":12,"minecraft:golden_apple":1,"minecraft:sand":24,"minecraft:crafting_table":2,"minecraft:mushroom_stew":7,"minecraft:melon_slice":24,"minecraft:iron_pickaxe":13,"minecraft:stone_axe":132,"minecraft:diamond_sword":9,"minecraft:cobblestone":6,"iceandfire:dragonegg_red":1},"minecraft:mined":{"minecraft:dark_oak_planks":1,"iceandfire:silver_ore":1,"minecraft:mossy_cobblestone":3,"luminousworld:grassvariant_4":1,"minecraft:dark_oak_leaves":1,"minecraft:jungle_leaves":3,"minecraft:dark_oak_log":15,"minecraft:grass_block":3,"luminousworld:grassvariant_2":2,"minecraft:brown_mushroom_block":40,"luminousworld:decorative_red_2":1,"minecraft:sandstone":2,"minecraft:chiseled_stone_bricks":6,"minecraft:tall_seagrass":1,"minecraft:iron_ore":3,"minecraft:sticky_piston":2,"quark:blossom_planks":1,"minecraft:vine":1,"minecraft:stone":15,"minecraft:melon":9,"minecraft:chest":1,"minecraft:mushroom_stem":6,"minecraft:cobblestone":5,"minecraft:oak_planks":5,"minecraft:birch_log":2,"minecraft:birch_leaves":1,"minecraft:grass":5,"minecraft:coal_ore":6,"minecraft:oak_log":30,"minecraft:dirt":2,"minecraft:sand":7,"minecraft:cobweb":1,"minecraft:red_mushroom_block":37,"minecraft:stone_bricks":7,"minecraft:oak_leaves":7,"minecraft:fern":3},"minecraft:crafted":{"minecraft:oak_planks":16,"minecraft:mushroom_stew":7,"minecraft:stone_pickaxe":1,"minecraft:dark_oak_planks":4,"sophisticatedbackpacks:backpack":1,"minecraft:crafting_table":2,"minecraft:wooden_pickaxe":1,"minecraft:iron_helmet":1,"minecraft:bowl":4,"minecraft:birch_planks":8,"minecraft:stone_axe":1,"minecraft:stick":16,"minecraft:iron_pickaxe":1,"minecraft:stone_sword":1},"minecraft:killed_by":{"minecraft:husk":1,"minecraft:spider":1,"minecraft:vindicator":3,"minecraft:skeleton":1,"iceandfire:ghost":1,"minecraft:vex":1,"iceandfire:myrmex_sentinel":1},"minecraft:picked_up":{"minecraft:charcoal":3,"minecraft:chicken":3,"minecraft:brown_mushroom":11,"alexscaves:cave_tablet":1,"minecraft:string":14,"minecraft:sticky_piston":2,"minecraft:bucket":1,"minecraft:beef":4,"minecraft:iron_nugget":6,"minecraft:melon_slice":37,"minecraft:chest":1,"minecraft:egg":1,"minecraft:raw_iron":3,"minecraft:stick":1,"minecraft:sandstone":30,"quark:blossom_planks":1,"minecraft:dark_oak_planks":1,"quark:ancient_tome":2,"minecraft:arrow":5,"minecraft:rotten_flesh":12,"minecraft:totem_of_undying":1,"supplementaries:ash":1,"minecraft:mutton":2,"minecraft:white_wool":1,"minecraft:cobblestone":20,"minecraft:birch_log":2,"minecraft:cooked_beef":1,"minecraft:leather":3,"minecraft:red_mushroom":7,"minecraft:oak_log":29,"minecraft:map":1,"minecraft:dirt":17,"minecraft:paper":1,"tombstone:gift":1,"naturalist:bass":1,"minecraft:bone":4,"minecraft:stone_bricks":7,"minecraft:bow":2,"minecraft:wheat_seeds":4,"minecraft:iron_ingot":25,"earthmobsmod:fancy_feather":1,"minecraft:oak_planks":5,"minecraft:iron_sword":1,"minecraft:chiseled_stone_bricks":6,"minecraft:sand":54,"minecraft:dark_oak_log":14,"minecraft:mossy_cobblestone":1,"iceandfire:dragonegg_red":1,"minecraft:chainmail_leggings":1,"minecraft:iron_helmet":1,"luminousworld:decorative_red_2":1,"minecraft:emerald":8,"minecraft:oak_sapling":1,"minecraft:coal":5,"iceandfire:raw_silver":1},"minecraft:dropped":{"minecraft:iron_ingot":25,"minecraft:iron_sword":1,"minecraft:brown_mushroom":4,"minecraft:mossy_cobblestone":1,"minecraft:stick":2,"minecraft:dirt":8,"minecraft:mutton":2,"luminousworld:decorative_red_2":1,"minecraft:white_wool":1,"quark:ancient_tome":1,"alexsmobs:animal_dictionary":1,"minecraft:bowl":4,"minecraft:rotten_flesh":5,"aether:leather_gloves":1,"minecraft:oak_planks":2,"minecraft:iron_boots":1,"supplementaries:ash":1,"minecraft:iron_chestplate":1,"minecraft:wooden_pickaxe":1,"minecraft:egg":1},"minecraft:broken":{"minecraft:stone_axe":1},"minecraft:killed":{"illagerinvasion:archivist":2,"minecraft:evoker":1,"minecraft:spider":2,"minecraft:vindicator":5,"illagerinvasion:marauder":1,"illagerinvasion:basher":1,"minecraft:skeleton":4,"iceandfire:fire_dragon":1,"minecraft:chicken":2,"naturalist:bass":1,"earthmobsmod:fancy_chicken":1,"illagerinvasion:provoker":3,"illagerinvasion:necromancer":1,"minecraft:husk":1,"earthmobsmod:cream_cow":1,"born_in_chaos_v1:decrepit_skeleton":1,"minecraft:sheep":1,"minecraft:zombie":3,"enemyexpansion:botfly":2}},"DataVersion":3465}