{"stats":{"minecraft:custom":{"minecraft:time_since_rest":7049,"minecraft:sprint_one_cm":24394,"minecraft:damage_taken":315,"minecraft:walk_one_cm":23466,"minecraft:mob_kills":5,"minecraft:drop":1,"minecraft:damage_dealt":1054,"minecraft:swim_one_cm":2532,"minecraft:interact_with_crafting_table":4,"minecraft:fly_one_cm":25645,"minecraft:crouch_one_cm":474,"minecraft:play_time":46308,"tombstone:undead_killed":2,"minecraft:deaths":1,"minecraft:sneak_time":112,"minecraft:walk_under_water_one_cm":33,"minecraft:jump":159,"minecraft:leave_game":2,"minecraft:walk_on_water_one_cm":459,"minecraft:time_since_death":7774,"minecraft:total_world_time":46308,"minecraft:fall_one_cm":1645},"minecraft:used":{"minecraft:stone_sword":3,"minecraft:wooden_pickaxe":12,"minecraft:stone_axe":23,"minecraft:diamond_sword":9,"minecraft:dirt":4,"minecraft:sand":4,"minecraft:crafting_table":1,"tombstone:gift":1,"iceandfire:dragonegg_red":1,"iceandfire:spawn_egg_fire_dragon":1},"minecraft:mined":{"minecraft:birch_log":2,"minecraft:oak_log":25,"minecraft:sand":7,"minecraft:stone":8,"minecraft:oak_leaves":3,"minecraft:sandstone":2},"minecraft:crafted":{"minecraft:oak_planks":12,"minecraft:crafting_table":1,"minecraft:stick":8,"minecraft:wooden_pickaxe":1,"minecraft:stone_pickaxe":1,"minecraft:stone_sword":1,"minecraft:birch_planks":8,"minecraft:stone_axe":1},"minecraft:killed_by":{"minecraft:spider":1},"minecraft:picked_up":{"minecraft:birch_log":2,"minecraft:stick":1,"minecraft:sandstone":30,"minecraft:sand":54,"minecraft:oak_log":24,"minecraft:string":2,"minecraft:dirt":12,"iceandfire:dragonegg_red":1,"minecraft:bone":4,"supplementaries:ash":1,"minecraft:cobblestone":8},"minecraft:dropped":{"alexsmobs:animal_dictionary":1},"minecraft:killed":{"minecraft:skeleton":1,"iceandfire:fire_dragon":1,"minecraft:spider":2,"born_in_chaos_v1:decrepit_skeleton":1}},"DataVersion":3465}