{"stats":{"minecraft:custom":{"minecraft:mob_kills":24,"tombstone:raider_killed":8,"minecraft:interact_with_crafting_table":7,"minecraft:open_barrel":14,"minecraft:leave_game":3,"minecraft:time_since_death":3399,"minecraft:climb_one_cm":2660,"minecraft:time_since_rest":2210,"minecraft:sprint_one_cm":161478,"minecraft:damage_taken":2615,"minecraft:walk_one_cm":147585,"minecraft:trigger_trapped_chest":2,"minecraft:drop":22,"minecraft:damage_dealt":4365,"minecraft:swim_one_cm":2532,"minecraft:fly_one_cm":321858,"minecraft:open_chest":6,"minecraft:crouch_one_cm":1419,"minecraft:play_time":93901,"tombstone:undead_killed":5,"minecraft:deaths":8,"minecraft:sneak_time":1543,"minecraft:walk_under_water_one_cm":17295,"minecraft:jump":1084,"minecraft:walk_on_water_one_cm":6890,"minecraft:total_world_time":93901,"minecraft:fall_one_cm":31157},"minecraft:used":{"minecraft:stone_sword":41,"minecraft:stone_pickaxe":32,"minecraft:oak_planks":6,"minecraft:wooden_pickaxe":12,"minecraft:iron_sword":58,"minecraft:dirt":4,"minecraft:sand":24,"minecraft:crafting_table":2,"minecraft:mushroom_stew":7,"iceandfire:spawn_egg_fire_dragon":1,"minecraft:melon_slice":13,"minecraft:stone_bricks":1,"minecraft:stone_axe":132,"minecraft:diamond_sword":9,"minecraft:cobblestone":6,"minecraft:bow":3,"tombstone:gift":1,"iceandfire:dragonegg_red":1},"minecraft:mined":{"minecraft:dark_oak_planks":1,"minecraft:mossy_cobblestone":3,"minecraft:dark_oak_leaves":1,"luminousworld:grassvariant_4":1,"minecraft:jungle_leaves":3,"minecraft:dark_oak_log":15,"minecraft:grass_block":3,"minecraft:melon":9,"minecraft:chest":1,"minecraft:mushroom_stem":6,"luminousworld:grassvariant_2":2,"minecraft:brown_mushroom_block":40,"minecraft:cobblestone":3,"minecraft:oak_planks":5,"luminousworld:decorative_red_2":1,"minecraft:sandstone":2,"minecraft:tall_seagrass":1,"minecraft:birch_log":2,"minecraft:iron_ore":3,"minecraft:birch_leaves":1,"quark:blossom_planks":1,"minecraft:grass":5,"minecraft:oak_log":30,"minecraft:coal_ore":6,"minecraft:vine":1,"minecraft:sand":7,"minecraft:dirt":2,"minecraft:cobweb":1,"minecraft:stone_bricks":6,"minecraft:red_mushroom_block":37,"minecraft:stone":14,"minecraft:oak_leaves":7,"minecraft:fern":3},"minecraft:crafted":{"minecraft:oak_planks":12,"sophisticatedbackpacks:backpack":1,"minecraft:crafting_table":2,"minecraft:wooden_pickaxe":1,"minecraft:bowl":4,"minecraft:mushroom_stew":7,"minecraft:birch_planks":8,"minecraft:stone_axe":1,"minecraft:stick":8,"minecraft:stone_pickaxe":1,"minecraft:stone_sword":1,"minecraft:dark_oak_planks":4},"minecraft:killed_by":{"minecraft:vindicator":2,"minecraft:husk":1,"minecraft:skeleton":1,"minecraft:spider":1,"iceandfire:ghost":1,"minecraft:vex":1,"iceandfire:myrmex_sentinel":1},"minecraft:picked_up":{"minecraft:birch_log":2,"minecraft:charcoal":3,"minecraft:cooked_beef":1,"minecraft:chicken":3,"alexscaves:cave_tablet":1,"minecraft:leather":3,"minecraft:brown_mushroom":11,"minecraft:red_mushroom":7,"minecraft:oak_log":29,"minecraft:dirt":17,"minecraft:string":14,"minecraft:paper":1,"tombstone:gift":1,"naturalist:bass":1,"minecraft:bone":4,"minecraft:stone_bricks":6,"minecraft:bow":1,"minecraft:bucket":1,"minecraft:wheat_seeds":4,"minecraft:iron_ingot":25,"minecraft:beef":4,"earthmobsmod:fancy_feather":1,"minecraft:iron_nugget":6,"minecraft:chest":1,"minecraft:melon_slice":37,"minecraft:iron_sword":1,"minecraft:oak_planks":5,"minecraft:egg":1,"minecraft:stick":1,"minecraft:raw_iron":3,"minecraft:sandstone":30,"minecraft:sand":54,"quark:blossom_planks":1,"minecraft:dark_oak_log":14,"minecraft:dark_oak_planks":1,"minecraft:mossy_cobblestone":1,"iceandfire:dragonegg_red":1,"quark:ancient_tome":1,"minecraft:rotten_flesh":5,"minecraft:arrow":3,"minecraft:chainmail_leggings":1,"luminousworld:decorative_red_2":1,"minecraft:totem_of_undying":1,"minecraft:emerald":5,"supplementaries:ash":1,"minecraft:oak_sapling":1,"minecraft:mutton":2,"minecraft:coal":5,"minecraft:white_wool":1,"minecraft:cobblestone":17},"minecraft:dropped":{"minecraft:iron_ingot":25,"minecraft:iron_sword":1,"minecraft:brown_mushroom":4,"alexsmobs:animal_dictionary":1,"minecraft:mossy_cobblestone":1,"minecraft:bowl":4,"minecraft:rotten_flesh":5,"minecraft:oak_planks":2,"aether:leather_gloves":1,"minecraft:iron_boots":1,"minecraft:stick":2,"minecraft:dirt":8,"supplementaries:ash":1,"minecraft:iron_chestplate":1,"minecraft:mutton":2,"luminousworld:decorative_red_2":1,"minecraft:wooden_pickaxe":1,"minecraft:white_wool":1,"quark:ancient_tome":1,"minecraft:egg":1},"minecraft:broken":{"minecraft:stone_axe":1},"minecraft:killed":{"illagerinvasion:archivist":1,"minecraft:evoker":1,"minecraft:husk":1,"minecraft:vindicator":3,"minecraft:spider":2,"earthmobsmod:cream_cow":1,"illagerinvasion:basher":1,"born_in_chaos_v1:decrepit_skeleton":1,"minecraft:skeleton":3,"minecraft:sheep":1,"iceandfire:fire_dragon":1,"minecraft:chicken":2,"illagerinvasion:provoker":2,"naturalist:bass":1,"earthmobsmod:fancy_chicken":1}},"DataVersion":3465}